address,model,status,n_tokens,prompt_tokens,completion_tokens,gen_code,is_empty
0x0091e27b9ef50427ad431be70dc441f9f6639d78,bytecode_5,1,7143.0,6772.0,371.0,1.0,False
0x009449c99a2822914d68691d87b0177292fb5a6c,bytecode_4,1,2428.0,2272.0,156.0,0.0,0
0x00c315ac9ff89bb6afa7524cd159f0a9766e8c89,bytecode_3,1,3841.0,3635.0,206.0,1.0,True
0x00fa44d91d7541d16dd18a48dd6a011de5e887df,bytecode_3,1,1229.0,1013.0,216.0,1.0,True
0x01b34fe45b5c00b71d6ff47e76781269aaa7b5c4,bytecode_4,1,1217.0,1045.0,172.0,0.0,0
0x024c0e1966a52c506e95679f2edb7c031aaa8011,bytecode_2,1,2048.0,1441.0,607.0,1.0,False
0x0286f920f893513c7ec9fe35ba0a4760229a243e,bytecode_3,1,1707.0,1322.0,385.0,1.0,False
0x029606e5ec44cad1346d6a1273a53b971fa93ad6,bytecode_4,1,3651.0,3352.0,299.0,1.0,False
0x02e582682aa7b4dcc3f7574c468ef61b29545404,bytecode_1,1,3263.0,2956.0,307.0,1.0,False
0x035611f47a13f3603109152952f0034c674959ba,bytecode_4,1,2109.0,1908.0,201.0,0.0,0
0x039edb0d0613c58f45a777ab5dbf7cafcc7de9cd,bytecode_3,1,2610.0,2281.0,329.0,1.0,False
0x03b7dcf4e018031c39f21a6e99632ccbf72c79a2,bytecode_4,1,2773.0,2557.0,216.0,0.0,0
0x03cc979c46b030c4abd7d4063cd075cb38cd0919,bytecode_4,1,13407.0,13101.0,306.0,1.0,True
0x042a277368cb43a70b06361e7ab7d1d0a2096b0e,bytecode_4,1,1443.0,1241.0,202.0,0.0,0
0x04562d368e202f7e9470f3e238e92c2582c8dcec,bytecode_4,1,1727.0,1565.0,162.0,0.0,0
0x046ec9bb312c51425f7a00b2ab7525afe7db52e6,bytecode_4,1,8306.0,8067.0,239.0,1.0,True
0x0486506702b47fd838f3b8ead7fc9509f012f4a7,bytecode_2,1,4106.0,3538.0,568.0,1.0,True
0x04a4b43352a78294bc7b6d520450825ac639ea21,bytecode_4,1,2476.0,2360.0,116.0,0.0,0
0x04a84b5368c9006ed05e837f8132e9f1c0287482,bytecode_5,1,2225.0,2026.0,199.0,1.0,True
0x04aa51bbcb46541455ccf1b8bef2ebc5d3787ec9,bytecode_2,1,18081.0,17853.0,228.0,1.0,False
0x04deb44ac536ed288ab3ddb7d69920e7002965f1,bytecode_3,1,4004.0,3684.0,320.0,1.0,False
0x052cf5824a4adc682715de9a5b725c65d32f34d5,bytecode_1,1,2231.0,2003.0,228.0,1.0,False
0x05b04cb2c29691d3f9ce74e6aa3c69548da3bee2,bytecode_4,1,2503.0,2334.0,169.0,0.0,0
0x05b3abd9031a31a45121bda59c7bb52fc7db2590,bytecode_4,1,1508.0,1254.0,254.0,1.0,True
0x05e7039c7afd77157845d9a4f1750b8ca93ec378,bytecode_4,1,2203.0,1959.0,244.0,1.0,False
0x05fa56daf3c7496854bf685e7f3f435f87589e58,bytecode_5,1,2988.0,2760.0,228.0,1.0,True
0x064f6470b3a913d5e91552749a339b792a1c22bd,bytecode_4,1,852.0,547.0,305.0,1.0,False
0x06adba5ad6c494e536cad8afa1129ab9f7cb99bf,bytecode_4,1,4139.0,3848.0,291.0,1.0,False
0x06c299dbd4d53ee82812c15bc4c997a2a998dd9e,bytecode_4,1,2703.0,2403.0,300.0,1.0,True
0x06d5697043f8e611807b221e74f08a28bb4e6e13,bytecode_5,1,6961.0,6667.0,294.0,1.0,False
0x06f997c86aa88ac040c69c691c86d2739556286a,bytecode_4,1,2640.0,2399.0,241.0,1.0,True
0x07597255910a51509ca469568b048f2597e72504,bytecode_3,1,3649.0,3259.0,390.0,1.0,False
0x076c5c977938839914dbceae1643858721ba020b,bytecode_1,1,1298.0,979.0,319.0,1.0,False
0x07e040d474a584cd2e7e4a819fa18420beb5eb4f,bytecode_5,1,4354.0,4123.0,231.0,1.0,False
0x07f7ecb66d788ab01dc93b9b71a88401de7d0f2e,bytecode_4,1,2046.0,1769.0,277.0,0.0,0
0x0839f043ece52658d99cdc9173d5b116608802d8,bytecode_1,1,4797.0,4443.0,354.0,1.0,False
0x089431f295b58c17c0b1754be2e15d706e990151,bytecode_3,1,1931.0,1626.0,305.0,1.0,False
0x0944393abcfc9879cedc19e070c056f70703f9b8,bytecode_3,1,5017.0,4774.0,243.0,1.0,True
0x0952702680b4bf531702385f948a7ee998b53580,bytecode_5,1,1544.0,1083.0,461.0,1.0,False
0x09873cdd92782ee43e7881da138a156e7e8835f5,bytecode_2,1,2019.0,1672.0,347.0,1.0,False
0x09ac823b069e9403faeacc927d6f472964466e12,bytecode_4,1,1419.0,1259.0,160.0,0.0,0
0x09b4c8200f0cb51e6d44a1974a1bc07336b9f47f,bytecode_4,1,4318.0,4059.0,259.0,0.0,0
0x09f6742e42daafae735e14ec53b5ee95b66c2886,bytecode_2,1,3301.0,3116.0,185.0,1.0,True
0x0a497d3619868163e9cc8402cdd67932a6091440,bytecode_4,1,2746.0,2604.0,142.0,0.0,0
0x0a5e34ab31a1e589b470e7deeab7bf8b38a1d8d3,bytecode_4,1,2336.0,1947.0,389.0,1.0,False
0x0a7073207bac23865e0e3b204615364b5a9d3783,bytecode_4,1,1643.0,1422.0,221.0,0.0,0
0x0acbcc45dde258b18c11b16b06bdc64fd91913ac,bytecode_4,1,2640.0,2393.0,247.0,1.0,True
0x0addedfeedb9f23397fee42df51fc73cb6f2ceea,bytecode_2,1,6486.0,6251.0,235.0,1.0,False
0x0b35dd0696ee6c6338f2f08967891feb04183805,bytecode_4,1,5391.0,5256.0,135.0,0.0,0
0x0b6bc31fe6839ec3b8cfc98819cec7fa64158a8f,bytecode_3,1,2318.0,2122.0,196.0,1.0,True
0x0b7dc5a43ce121b4eaaa41b0f4f43bba47bb8951,bytecode_4,1,4395.0,4128.0,267.0,0.0,0
0x0b8f53f5cb26f27ecf46840c14cc93577221822d,bytecode_4,1,2372.0,2124.0,248.0,1.0,True
0x0b9cab17883e721888c22b2bcb5a00f91a711989,bytecode_4,1,3315.0,3120.0,195.0,0.0,0
0x0bc95951bb59d6fd063ce7ad5c3b3dcaace98132,bytecode_4,1,5424.0,5187.0,237.0,1.0,True
0x0c5876bc9765ee15fc3378100c070453186db8f3,bytecode_2,1,1626.0,1376.0,250.0,1.0,False
0x0c7126b0c7e79c1ea6930bed8499fedb87cd2006,bytecode_2,1,1828.0,1566.0,262.0,1.0,True
0x0c78735435fbe36b39cccd5fe35fb4590e3da603,bytecode_1,1,5536.0,5143.0,393.0,1.0,False
0x0cfda67b0067f1a99deb1cb80e0273a3f26d317c,bytecode_4,1,3527.0,3116.0,411.0,1.0,False
0x0d5eae179709e92b3bff65731158e8291c49eafb,bytecode_4,1,6095.0,5850.0,245.0,0.0,0
0x0dc11b7ed751594906bce3a7091952b30528ee7e,bytecode_3,1,630.0,432.0,198.0,1.0,False
0x0e7c28fb8ed4f5f63aabd022deaeeba40ecc335c,bytecode_1,1,4438.0,4127.0,311.0,1.0,False
0x0e915b35cc269b2dfc8bbd8e4a88ed4884a53efc,bytecode_5,1,1703.0,1456.0,247.0,1.0,False
0x0e9e062d7e60c8a6a406488631dae1c5f6db0e7d,bytecode_4,1,1375.0,1274.0,101.0,0.0,0
0x0ebb614204e47c09b6c3feb9aaecad8ee060e23e,bytecode_4,1,5459.0,5363.0,96.0,0.0,0
0x0edde4b6f91dbd2efd075ace85ec2e52d0696d44,bytecode_4,1,3036.0,2861.0,175.0,0.0,0
0x0f1cd99bea68f0d994064395d2b45315b185882e,bytecode_4,1,967.0,804.0,163.0,0.0,0
0x0f1d2925c2840f3d15cb6bd1a1f75e1d5de41d90,bytecode_5,1,4581.0,4186.0,395.0,1.0,False
0x0f33bb20a282a7649c7b3aff644f084a9348e933,bytecode_2,1,4460.0,4176.0,284.0,1.0,False
0x0f4cafdce3737601c598bcfd4bbd69f75786ba40,bytecode_3,1,3583.0,3366.0,217.0,1.0,False
0x0f72b988c30a4e4472607703c3363dcfe0f58e0d,bytecode_4,1,3509.0,3379.0,130.0,0.0,0
0x0fb6ef1d9934eebdd16e760f6485b561c89c5e57,bytecode_3,1,1117.0,790.0,327.0,1.0,True
0x1054bf40be3e021e26fa5f6d627fe395a3fd3f26,bytecode_1,1,2356.0,2098.0,258.0,1.0,True
0x12345678979f29ebc99e00bdc5693ddea564ca80,bytecode_4,1,6376.0,6102.0,274.0,1.0,False
0x124635bfe95ba690fc095f6f3a0bdeac62fab8e1,bytecode_4,1,1413.0,1074.0,339.0,1.0,True
0x1292463b22ed4cb340c737fbc046258fb428f27c,bytecode_4,1,7740.0,7572.0,168.0,0.0,0
0x1294d23b74c103d0e6d9c8f98abe9383c7900735,bytecode_5,1,2960.0,2783.0,177.0,1.0,False
0x12b75faf1d0b812fd607c40b4806f40f15405032,bytecode_4,1,2378.0,2207.0,171.0,0.0,0
0x12d5b7c26dd8dc6e2f71f5bf240d5e76452b2fe5,bytecode_4,1,5137.0,4949.0,188.0,0.0,0
0x12efb0cc4e3d139a27d35388c640b60cd031a6f7,bytecode_3,1,1340.0,1031.0,309.0,1.0,False
0x13ca82a039fb510c4110c75a833160dbc8f203e1,bytecode_1,1,2859.0,2464.0,395.0,1.0,False
0x13f6daa69a85d072ee9302ca37533a4db2c354e8,bytecode_3,1,572.0,298.0,274.0,1.0,False
0x144106999ff7f2fc278f166975a93d661d885b8f,bytecode_5,1,2944.0,2630.0,314.0,1.0,False
0x14e2ac9b6ca7bade21afdfa31b63708fc0b08d8f,bytecode_5,1,1285.0,1047.0,238.0,1.0,False
0x14f109d126c58b5bf55cdc51b9bd90b21e6a6de5,bytecode_4,1,2292.0,2101.0,191.0,0.0,0
0x1543d0f83489e82a1344df6827b23d541f235a50,bytecode_3,1,5176.0,4902.0,274.0,1.0,False
0x1544f3bcbe71a79c660936b843402eeb44d3a06a,bytecode_4,1,2411.0,2269.0,142.0,0.0,0
0x155a00d0d74f2efab70bec1b7bcc07ddbaf3e164,bytecode_3,1,1220.0,975.0,245.0,1.0,True
0x15d3122103c5c17ed791fd5a3dba847ecfd6037e,bytecode_2,1,1562.0,1258.0,304.0,1.0,False
0x16504ea42ffd2bd962108c2ea7cc4fb70106d8a8,bytecode_5,1,1066.0,706.0,360.0,1.0,False
0x165cff19221424adb30e5daf6319a69890a19183,bytecode_4,1,764.0,630.0,134.0,0.0,0
0x16c452375d23d49ec94eb0743c7a644a17e48e2e,bytecode_1,1,4371.0,4107.0,264.0,1.0,False
0x16d29707a5f507f9252ae5b7fc5e86399725c663,bytecode_3,1,4496.0,4265.0,231.0,1.0,True
0x16d790ad4e33725d44741251f100e635c323beb9,bytecode_4,1,6769.0,6521.0,248.0,1.0,True
0x16de59092dae5ccf4a1e6439d611fd0653f0bd01,bytecode_4,1,18400.0,18146.0,254.0,1.0,False
0x1772eea64df54e19728e695008d31c1289ac620d,bytecode_2,1,3318.0,3086.0,232.0,1.0,False
0x17e5e0910b9185b0ede564dcbf074ca910ad56a4,bytecode_4,1,911.0,678.0,233.0,1.0,False
0x17fd666fa0784885fa1afec8ac624d9b7e72b752,bytecode_4,1,3277.0,2950.0,327.0,1.0,True
0x18293de649fb8d8e1c8824abd214f7480c61e4a4,bytecode_3,1,2282.0,1949.0,333.0,1.0,False
0x1848edec5c62eafff523386d881ca548b772ff6a,bytecode_4,1,4432.0,3749.0,683.0,1.0,False
0x18f0cd26c06449d967ca6aef8b5f9d8ee9fd7992,bytecode_3,1,9736.0,9513.0,223.0,1.0,False
0x191217777cb44c000700fbf76696a098f74c566c,bytecode_2,1,3341.0,3092.0,249.0,1.0,True
0x1924c657d6a772816601fc5edf78377c23686e95,bytecode_5,1,5335.0,5078.0,257.0,1.0,False
0x195b6dc3c79185e53d97b443c0769f1d9bd3b7fb,bytecode_4,1,2168.0,2006.0,162.0,0.0,0
0x19c324ee97bedf04b71d9907102381246d307e65,bytecode_2,1,4262.0,3935.0,327.0,1.0,False
0x1a099e2d91f537fae5523f57d182ce522aa9780c,bytecode_1,1,2263.0,1957.0,306.0,1.0,False
0x1a3139caa6c660547d37857a4612b3ceaa41c19f,bytecode_3,1,1494.0,1292.0,202.0,1.0,True
0x1a4874c84516210f989ef9b1488fed041a5c5f9b,bytecode_4,1,1034.0,874.0,160.0,0.0,0
0x1a94656a6245379bc0d9c64c402197528edb2bd1,bytecode_4,1,4512.0,4137.0,375.0,1.0,False
0x1a9c1c1914a20fe9ae67b25913ffb8227c5cb617,bytecode_4,1,1597.0,1419.0,178.0,0.0,0
0x1b755d760e6d8970a5ffd37a41380ff0269fa368,bytecode_4,1,1425.0,1258.0,167.0,0.0,0
0x1bb28e79f2482df6bf60efc7a33365703bcf1536,bytecode_4,1,883.0,552.0,331.0,1.0,False
0x1beb353fa1e215457ff16fceec07f7eab9f06565,bytecode_2,1,1300.0,1019.0,281.0,1.0,False
0x1c381ca8112f823941c37cb9514819909ecb102d,bytecode_4,1,5076.0,4900.0,176.0,0.0,0
0x1c67ceba2f78e8af111279dc6d59fa5ef1707781,bytecode_2,1,1631.0,1380.0,251.0,1.0,False
0x1cd30a2bba7b913bfeb8e7e40bec1311476efb13,bytecode_4,1,1368.0,1140.0,228.0,1.0,True
0x1cd442aff7cdd247420a4dc76b44111994f521c9,bytecode_3,1,5503.0,5244.0,259.0,1.0,False
0x1d5e63693ef0a3edc8a57e0bbe0645066550b2e5,bytecode_4,1,3739.0,3614.0,125.0,0.0,0
0x1e20b7d24d429b0de705d3ff8b88ec651d28a935,bytecode_4,1,1376.0,1154.0,222.0,1.0,False
0x1e217adc6a6adc16e248af109ab7efa4d1bb252d,bytecode_2,1,1475.0,1133.0,342.0,1.0,False
0x1e4f97b9f9f913c46f1632781732927b9019c68b,bytecode_5,1,10385.0,10084.0,301.0,1.0,False
0x1e5b407f511542b7ac7836319de139601c6fad02,bytecode_3,1,3058.0,2818.0,240.0,1.0,False
0x1e700861dcbc06c9a93fb17e556150e120cb6f8d,bytecode_4,1,1932.0,1652.0,280.0,1.0,True
0x1ebda9b505ad2c6ccee86bfc18f58035dcfdc26a,bytecode_4,1,2555.0,2376.0,179.0,0.0,0
0x1f42f986f9ef31d6ef787565b211bce0eb877bcc,bytecode_4,1,7599.0,7421.0,178.0,0.0,0
0x1fe8a1fcf50868f4c496b2ac88f5a3a2ec337fa8,bytecode_4,1,462.0,300.0,162.0,1.0,True
0x207ff240d2f5baaefce160785f38ebd5d7bbdce4,bytecode_4,1,1307.0,1108.0,199.0,0.0,0
0x20827ab17e406d92e2c5cbc2948be0871e160d8c,bytecode_5,1,3360.0,3113.0,247.0,1.0,True
0x2097175d0abb8258f2468e3487f8db776e29d076,bytecode_4,1,2416.0,2183.0,233.0,1.0,False
0x209a1b17e577fab23e1c73c883a9732701b9ad3a,bytecode_3,1,845.0,627.0,218.0,1.0,False
0x212dbc29bd9b67a6f6231a8dca2640bd9636639a,bytecode_3,1,2315.0,2119.0,196.0,1.0,True
0x2167f0f96499808e0b62af7b2a0ee5cafc573a25,bytecode_4,1,2060.0,1803.0,257.0,1.0,False
0x219218f117dc9348b358b8471c55a073e5e0da0b,bytecode_4,1,9000.0,8819.0,181.0,1.0,False
0x2193b9f2b5e5051e41c32c71b25587d6a6f045c8,bytecode_1,1,2326.0,2033.0,293.0,1.0,True
0x226117912d0e4e152b07a9e4b52494f9922825b8,bytecode_4,1,3394.0,3254.0,140.0,0.0,0
0x22be7f22e7ca2d4949d2b369d02bc9283ce7d285,bytecode_4,1,14530.0,14205.0,325.0,1.0,False
0x22e5f62d0fa19974749faa194e3d3ef6d89c08d7,bytecode_4,1,3190.0,3097.0,93.0,0.0,0
0x230c2a140e758087f7107dd31943c5c03b819e55,bytecode_1,1,7451.0,7127.0,324.0,1.0,False
0x2318867ba665776fb52f7e5f6faa8fedd47bb918,bytecode_1,1,10892.0,10591.0,301.0,1.0,False
0x232ba9f3b3643ab28d28ed7ee18600708d60e5fe,bytecode_2,1,6229.0,5927.0,302.0,1.0,False
0x235574910b3c91bb85ac6cab454545749b72e71a,bytecode_4,1,407.0,237.0,170.0,0.0,0
0x23ba165482e05f7d49563242c7a48d08f5d7d802,bytecode_3,1,416.0,203.0,213.0,1.0,True
0x23c3bdad7336835c0c2cd97eb941d2ca564cc24b,bytecode_4,1,1413.0,1251.0,162.0,0.0,0
0x23ea10cc1e6ebdb499d24e45369a35f43627062f,bytecode_5,1,2218.0,1892.0,326.0,1.0,False
0x240f205c46e1607dc6f786fb313bde3dff068eb5,bytecode_2,1,1573.0,1287.0,286.0,1.0,False
0x25066b77ae6174d372a9fe2b1d7886a2be150e9b,bytecode_5,1,5397.0,5220.0,177.0,1.0,False
0x259d01f7d96fcd1e77a467e71fa3d164f68fe2fe,bytecode_1,1,2814.0,2548.0,266.0,1.0,True
0x25af3834716a8c5890533546ef60050e05e8bbe6,bytecode_2,1,1398.0,978.0,420.0,1.0,False
0x25c08bb7aa204d221288d9739899f4edf96f5fba,bytecode_4,1,1398.0,1196.0,202.0,0.0,0
0x25e08694ab1deb8715b0a856bf1d947e90938261,bytecode_3,1,2144.0,1871.0,273.0,1.0,False
0x25ff04031852660cbb733709890b9f92257ee731,bytecode_4,1,1296.0,1065.0,231.0,0.0,0
0x2612e95424e4039cce9fd0c40e584b52813effe3,bytecode_4,1,1711.0,1546.0,165.0,0.0,0
0x261d650a521103428c6827a11fc0cbce96d74dbc,bytecode_5,1,5252.0,5055.0,197.0,1.0,False
0x2628e13a3cbdc52ed96b4b8d6b1041d3ef3a409e,bytecode_2,1,3516.0,3158.0,358.0,1.0,False
0x268be5667d4e5bd036bd608d0601ef1441604429,bytecode_5,1,9990.0,9621.0,369.0,1.0,False
0x268f92d90798614b4450b1efa59c71a601ab0af2,bytecode_4,1,494.0,351.0,143.0,0.0,0
0x27887a512107d43b4ebbf66df1c29bac7eba1f1a,bytecode_5,1,5858.0,5581.0,277.0,1.0,True
0x2797b0fa64cd56e45fb589fc3743177348397817,bytecode_4,1,2955.0,2713.0,242.0,1.0,True
0x27d7bfbed155767a9ac7d04cb200ed8f8430cf09,bytecode_4,1,2768.0,2574.0,194.0,0.0,0
0x27e06500263d6b27a3f8b7be636aabc7adc186be,bytecode_4,1,1340.0,1124.0,216.0,0.0,0
0x27e7383e49be6fd965805a0302b32e40c3d9981e,bytecode_4,1,1760.0,1556.0,204.0,0.0,0
0x286a090b31462890cd9bf9f167b610ed8aa8bd1a,bytecode_3,1,1578.0,1370.0,208.0,1.0,True
0x286ae10228c274a9396a05a56b9e3b8f42d1ce14,bytecode_4,1,5702.0,5344.0,358.0,1.0,True
0x28b6bf339afd2dceeeebd6b218e798b08f38a2e9,bytecode_3,1,1893.0,1578.0,315.0,1.0,False
0x293438bc8656c99abb4fce8b08a5f40fb3b8c931,bytecode_3,1,4504.0,4170.0,334.0,1.0,False
0x293ed09bfc80b93cdf5a64306aaedcfad3c64955,bytecode_4,1,4316.0,4165.0,151.0,0.0,0
0x2956356cd2a2bf3202f771f50d3d14a367b48070,bytecode_4,1,2263.0,2150.0,113.0,0.0,0
0x29ed301f073f62acc13a2d3df64db4a3185f1433,bytecode_4,1,1317.0,851.0,466.0,1.0,True
0x2a0c0dbecc7e4d658f48e01e3fa353f44050c208,bytecode_5,1,6351.0,5992.0,359.0,1.0,False
0x2a0e7619e69bd8959da98f711f15d1e36f9139b5,bytecode_5,1,3375.0,3110.0,265.0,1.0,False
0x2a37f3c4ce5ee6b1dbcdb593b21eee1c418ad403,bytecode_3,1,3890.0,3540.0,350.0,1.0,False
0x2aea8071b771818e0004d0e5c93fadd9d7f5d31d,bytecode_4,1,2701.0,2511.0,190.0,0.0,0
0x2b22b2c65b185182786f087c1a0035b5ed76bbb7,bytecode_3,1,2634.0,2360.0,274.0,1.0,False
0x2b44d68555899dbc1ab0892e7330476183dbc932,bytecode_3,1,5512.0,5347.0,165.0,1.0,False
0x2b55bbe80cf8cc8dae0380856b5bf3d1c451880b,bytecode_4,1,831.0,640.0,191.0,0.0,0
0x2b73cb82aebd4c261cae319d2f9eafedbf72abb6,bytecode_2,1,6496.0,6253.0,243.0,1.0,False
0x2baac9330cf9ac479d819195794d79ad0c7616e3,bytecode_4,1,3927.0,3578.0,349.0,1.0,True
0x2bdcd9ae2be26d3324ef75bcf64b3cc246302754,bytecode_1,1,4773.0,4451.0,322.0,1.0,False
0x2c50a2931e4dda0610aa95c18e26895ca8985bc3,bytecode_3,1,1604.0,1360.0,244.0,1.0,True
0x2c756e74b7309d785b5e2960ef262c4f14a87930,bytecode_4,1,4485.0,4395.0,90.0,0.0,0
0x2c7bc39b1b0c9fdf200fd30c74c0a9a41c2c7047,bytecode_2,1,2562.0,2106.0,456.0,1.0,True
0x2cbc6812cff0b1113bf2808ffce6d83b97afd345,bytecode_1,1,2111.0,1858.0,253.0,1.0,False
0x2d07d53c82978fdce1dae5d5dee38923f520dd63,bytecode_4,1,2604.0,2422.0,182.0,0.0,0
0x2d7765c44e44b9ec01d30ea367e8403aa4415cb3,bytecode_2,1,1919.0,1537.0,382.0,1.0,False
0x2dc588af5eff094401b1f8016e74e7d46d9e7a31,bytecode_1,1,2275.0,2057.0,218.0,1.0,False
0x2e146431da3c24cd9ea4337a6981667f4a9020fc,bytecode_4,1,5330.0,4464.0,866.0,1.0,False
0x2e65acb183753c39b7cbb24af6c8a451cda192a0,bytecode_4,1,1961.0,1822.0,139.0,0.0,0
0x2e88c458dab34c673641df586ab9d9a15e0b93ec,bytecode_1,1,5445.0,5218.0,227.0,1.0,False
0x2f490751589db68f3c406bf9c14c95ec7fa26840,bytecode_5,1,2472.0,2256.0,216.0,1.0,True
0x2f5c8d7259b48078c0b6c0a7cf6269e3817680e5,bytecode_4,1,2246.0,2093.0,153.0,0.0,0
0x2f758a59a8c88a54fe659fc9446b355315254769,bytecode_3,1,1849.0,1502.0,347.0,1.0,False
0x2f846758e479ee7e0bd87cea5b9f8f3e314c6bd9,bytecode_3,1,925.0,623.0,302.0,1.0,False
0x300549a4a3c35d1b24f3ce05f93908b5849a7267,bytecode_2,1,3173.0,2989.0,184.0,1.0,False
0x301487766dcf283592b11b5988e5c4e4630dfbe5,bytecode_4,1,8205.0,8008.0,197.0,0.0,0
0x304800b2e817e664949772fd70e9d87cda8a8899,bytecode_5,1,1949.0,1528.0,421.0,1.0,False
0x3076d20cef23cf934fc6f857eb97e2baa63fc9fb,bytecode_4,1,3352.0,3087.0,265.0,1.0,True
0x30cefbcb5c26a5b19a019092ab8d09f8739c904f,bytecode_5,1,6122.0,5870.0,252.0,1.0,False
0x30e0d995a998bbf967cd80c921db7b6afe953900,bytecode_3,1,622.0,381.0,241.0,1.0,False
0x3115b83af820875cc1128f987eda32150f056d71,bytecode_4,1,8261.0,8067.0,194.0,1.0,True
0x315bc1843b327d9b60381677b51c0092d9ceb8d8,bytecode_1,1,1469.0,1180.0,289.0,1.0,False
0x31a9d8d9697a9542189f9848636ad75e57583d0d,bytecode_4,1,2884.0,2734.0,150.0,0.0,0
0x3238db085a2853442e3d74ad47e73ef63bfbc507,bytecode_1,1,3112.0,2921.0,191.0,1.0,True
0x32776933663b27ebcda98b07c4958ec74c0bafb1,bytecode_5,1,4925.0,4423.0,502.0,1.0,False
0x333f7d10c3d8f3b0a070c0f6673cf61bd4a86622,bytecode_1,1,610.0,325.0,285.0,1.0,True
0x3380f0d42bf90489c516dcd3b38ca73a029c3daa,bytecode_4,1,916.0,779.0,137.0,0.0,0
0x341f9c6c60c07fd11ef0bbc93586a2b9d68bfcf0,bytecode_1,1,4692.0,4519.0,173.0,1.0,True
0x344bd3872f67d37757b48155ba4666e780fc47b5,bytecode_4,1,5854.0,5635.0,219.0,0.0,0
0x34ddc40e17bc8f0a159ba4fc297e55bd3f7c75aa,bytecode_3,1,5904.0,5586.0,318.0,1.0,False
0x354a16be55329b65837dce830cfd71265da0f53c,bytecode_4,1,4113.0,3958.0,155.0,0.0,0
0x3565f84c8cd841ff9f2773d02f492e3b058aec5e,bytecode_4,1,1331.0,1130.0,201.0,0.0,0
0x35a6f91c15538ae4a666db6d39395fd657a108f6,bytecode_4,1,5245.0,4939.0,306.0,1.0,False
0x35c3034556b81132e682db2f879e6f30721b847c,bytecode_5,1,676.0,396.0,280.0,1.0,True
0x3612d93f91c8fdb5f158a7c35dd7f87c63ad3f9b,bytecode_2,1,3358.0,2923.0,435.0,1.0,False
0x3633c61be0dd1b1fd20a97e05c5ed880a204de33,bytecode_1,1,2841.0,2573.0,268.0,1.0,False
0x364a6b4c75fd0cdb50676bb0e694b66b184af693,bytecode_4,1,1625.0,1435.0,190.0,0.0,0
0x364aa6b380cb4f9cee6711326d6b33a81ce1998c,bytecode_4,1,2786.0,2452.0,334.0,1.0,False
0x366c513514176bc0edc1e17c290f54f308e43ac3,bytecode_4,1,3644.0,3567.0,77.0,0.0,0
0x3689f372eb8ae130b1767664ad1c75528c815811,bytecode_5,1,508.0,267.0,241.0,1.0,True
0x36bdc3b60dc5491fbc7d74a05709e94d5b554321,bytecode_2,1,2446.0,2225.0,221.0,1.0,False
0x375f2ee0f07eb52fe31566dcf5ae76e1c01b12cc,bytecode_3,1,4093.0,3581.0,512.0,1.0,False
0x37cae345004fac08c225be1a1cb0eed9e8e04405,bytecode_1,1,1364.0,1067.0,297.0,1.0,True
0x37f387fe48c9569500b514a1c7e1f6b04be8d421,bytecode_2,1,5164.0,4779.0,385.0,1.0,False
0x38894302a6eabea6f2b29b508031d2ed75f0be22,bytecode_2,1,3945.0,3728.0,217.0,1.0,False
0x3956925d7d5199a6db1f42347fedbcd35312ae82,bytecode_4,1,4902.0,4718.0,184.0,0.0,0
0x39685718663bf4ad2206f1baf7aadbca0e7d7f95,bytecode_4,1,11662.0,11468.0,194.0,0.0,0
0x399f7c9aa6d2c9ecf7d1c40c808d15c1f8d6d390,bytecode_4,1,4776.0,4423.0,353.0,1.0,True
0x39cfd754c85023648bf003bea2dd498c5612abfa,bytecode_3,1,1450.0,1248.0,202.0,1.0,True
0x39dd0ac05016b2d4f82fdb3b70d011239abffa8b,bytecode_4,1,2276.0,2151.0,125.0,0.0,0
0x39fbd1140cd1fc298f00c3ea64b3591de94c67e7,bytecode_4,1,7159.0,6852.0,307.0,1.0,False
0x3a0e9acd953ffc0dd18d63603488846a6b8b2b01,bytecode_1,1,1629.0,1305.0,324.0,1.0,True
0x3a580a0d295d3f5a8137a91448b03f2bdc22aa2c,bytecode_4,1,1169.0,977.0,192.0,1.0,True
0x3aa11fb28dcd0bd5588d04b717c94cfbf25fa20d,bytecode_4,1,2859.0,2797.0,62.0,0.0,0
0x3b0e5a2a318616b1673b0bc7a91dd7c6d85b7e56,bytecode_4,1,3735.0,3530.0,205.0,0.0,0
0x3b39fbe86e4a8ee37a4928ee6877a46aaa47ce06,bytecode_4,1,6752.0,6599.0,153.0,0.0,0
0x3ba2175a0791dbe272528893b6922b4bc19d1f18,bytecode_4,1,4290.0,3661.0,629.0,1.0,False
0x3bc06304959cb2cfec0c8073eb6f31b466ce3f17,bytecode_2,1,3462.0,3179.0,283.0,1.0,False
0x3befe34ac47e7d6204470b28eeb515a69d4865d7,bytecode_3,1,3252.0,2868.0,384.0,1.0,False
0x3bf8fe7011e98c1ce53d926018a27591d2df3fae,bytecode_4,1,2010.0,1917.0,93.0,0.0,0
0x3c020e014069df790d4f4e63fd297ba4e1c8e51f,bytecode_5,1,5748.0,5495.0,253.0,1.0,True
0x3c07b3f4a6e253915d83c86707f0af07521d1cd8,bytecode_5,1,2280.0,2017.0,263.0,1.0,True
0x3c1634291868ddffa037222991babfccd8400921,bytecode_4,1,8447.0,8148.0,299.0,1.0,True
0x3c34071180ceb4213da92d065f87adcb835028c4,bytecode_4,1,2665.0,2091.0,574.0,1.0,False
0x3cab5f3e3bbe86c69f4e43339920f61ab8193300,bytecode_5,1,3190.0,2742.0,448.0,1.0,False
0x3cb7a642b1966c94c425c0a903f4c0e033e9b7e9,bytecode_4,1,2272.0,2090.0,182.0,0.0,0
0x3cc29b94e917b9e8c11134634125b833f0b91e4f,bytecode_4,1,4068.0,3887.0,181.0,0.0,0
0x3cd9024168e6240b4f18b466d9bea9f8efc66004,bytecode_4,1,2348.0,2160.0,188.0,0.0,0
0x3d807baa0342b748ec59aa0b01e93f774672f7ac,bytecode_3,1,6062.0,5842.0,220.0,1.0,False
0x3e1a13a6b8bafd58a5bc33a20dac48aa1868daea,bytecode_1,1,1394.0,1170.0,224.0,1.0,False
0x3e2cbed7ab1196c0f52ab4c5452b6668477d7e26,bytecode_4,1,998.0,718.0,280.0,1.0,False
0x3e6eb90d362535fb073e5723709a9ea449cdd6cd,bytecode_1,1,2358.0,2020.0,338.0,1.0,True
0x3e752ffd5eff7b7f2715ef43d8339ecabd0e65b9,bytecode_4,1,1339.0,1171.0,168.0,0.0,0
0x3ef0979d63b66fc3c1b1fdf664deb7059b4fb59e,bytecode_2,1,7359.0,6738.0,621.0,1.0,False
0x3f170a119584de1ce0e257d9fdec4099d564d91c,bytecode_1,1,2033.0,1766.0,267.0,1.0,True
0x3f3c78290d05517443fb64649c23efc0fade33fa,bytecode_3,1,1087.0,802.0,285.0,1.0,False
0x3f60651303846a417362377910a2a8c5caede024,bytecode_3,1,1381.0,914.0,467.0,1.0,False
0x3fbf67bab8461d59e49b1560a6375968f3c3a9a6,bytecode_4,1,4130.0,4050.0,80.0,0.0,0
0x3fd30f3e1fbf4f3ea6bdf3e3bb11826266708869,bytecode_4,1,5322.0,5149.0,173.0,0.0,0
0x3fd7d3a5cd8c252f7dde95b2908f22a316f05ad2,bytecode_4,1,3813.0,3759.0,54.0,0.0,0
0x40117c4f66e9a7e3058558e6ffe4232e1a896c6a,bytecode_3,1,3613.0,3085.0,528.0,1.0,False
0x4040dfed08346b98336be48072d071f0805c3ae0,bytecode_4,1,4763.0,4255.0,508.0,1.0,False
0x404c41da498cd32217e59e8ec718bd1579591748,bytecode_4,1,5262.0,4741.0,521.0,1.0,False
0x4126632bd44dd9c82604252e3466e5766e266b0e,bytecode_4,1,1732.0,1492.0,240.0,1.0,True
0x41634a7cb08ee639a751973e63577ddcfe9e7101,bytecode_4,1,3556.0,3368.0,188.0,0.0,0
0x41a5b8aa081dcd69ace566061d5b6adcb92cae1c,bytecode_4,1,7840.0,7405.0,435.0,1.0,True
0x42742cd5a3462e77c79d28df5e186248813f1a6c,bytecode_5,1,2617.0,2103.0,514.0,1.0,False
0x428472c5664d079eb4f035d872801241a4e8a4de,bytecode_4,1,552.0,351.0,201.0,0.0,0
0x42b9aa7a244b38ef56dff4d2df7e7a7013a59cbf,bytecode_5,1,3371.0,3139.0,232.0,1.0,True
0x42ca77fd0cab2148cc7da41239af36925f0963c3,bytecode_2,1,1834.0,1490.0,344.0,1.0,False
0x42cee7dd9b47c2cee35ca996a712e8c99471d46f,bytecode_5,1,3469.0,2987.0,482.0,1.0,False
0x42f1935bae7a16eac35a9f05e485ecf42a111e00,bytecode_1,1,1441.0,1065.0,376.0,1.0,False
0x42fbfb1d1994a99de3bc52c2172d8370cd3d6671,bytecode_4,1,6357.0,6178.0,179.0,0.0,0
0x4363b5d64f228c819dc706889b09a0dc76e22fb0,bytecode_1,1,2649.0,2366.0,283.0,1.0,True
0x43b82a8d1a0d25293b3d128efb358c0b39a777b3,bytecode_4,1,1642.0,1495.0,147.0,0.0,0
0x446044b773018fd6a0f481f0062e648e55685328,bytecode_5,1,3073.0,2797.0,276.0,1.0,True
0x449335a73eaa9456a47494cfbf2b27588febf3ae,bytecode_4,1,3273.0,2966.0,307.0,1.0,False
0x44e081cac2406a4efe165178c2a4d77f7a7854d4,bytecode_4,1,2525.0,2355.0,170.0,0.0,0
0x45d3ce9da80d2331627d8a87ae4f225320bbe30b,bytecode_4,1,1136.0,931.0,205.0,0.0,0
0x45fe2a813c4bd60b0415bd84f5a464be8d3a36b7,bytecode_5,1,7543.0,7292.0,251.0,1.0,False
0x4602047d7e263866937bc8e7a452a1c39f68dd53,bytecode_4,1,3334.0,3087.0,247.0,0.0,0
0x460ba527cbe7681e7edc93eafb08f8b1d18ca1eb,bytecode_4,1,1331.0,1029.0,302.0,1.0,True
0x465d3bd8ba9879352796a2337b58d2ad9f4b8175,bytecode_4,1,2392.0,2263.0,129.0,0.0,0
0x46751d82e59684f39bc554c6797663d62cef0f75,bytecode_4,1,4325.0,3961.0,364.0,1.0,False
0x46b87b9c794ddb93b2a16bc1719111caec1cbd88,bytecode_5,1,3308.0,3025.0,283.0,1.0,False
0x46c635b772115ad2c3df7abe0d35eb908abad4b8,bytecode_4,1,2723.0,2551.0,172.0,0.0,0
0x46fa5ea512a72f18cb07cd06c3865b59549a7f8d,bytecode_4,1,3384.0,3112.0,272.0,1.0,False
0x4702a04b84dbd61a7494283349444ea784ba9593,bytecode_4,1,3014.0,2905.0,109.0,0.0,0
0x47094713a4b08b38e25787c34453b4c48824b0f8,bytecode_3,1,659.0,478.0,181.0,1.0,False
0x47423b0fdb181ecab813c908307e9795c0272db7,bytecode_1,1,4562.0,4218.0,344.0,1.0,False
0x477f97ec5d39946bb5c2964ed523a99d5dfcdcf8,bytecode_5,1,1810.0,1532.0,278.0,1.0,False
0x47841c761b02a8c33e3ff2b13d6497d72e539eb6,bytecode_4,1,2121.0,1821.0,300.0,1.0,True
0x47a778209f0b0933d855d8bff426e967db1a1963,bytecode_4,1,2222.0,2059.0,163.0,0.0,0
0x48028860a0bd4432e87c16ca80fa9b9c40144abe,bytecode_1,1,1945.0,1727.0,218.0,1.0,False
0x4817d74db306a6547f18d462f187affefaac313e,bytecode_5,1,2789.0,2538.0,251.0,1.0,True
0x48461f602e5c371783b54a6a197a05b53a2c2b97,bytecode_3,1,1847.0,1672.0,175.0,1.0,True
0x4865a4d8e52e3754fc0e20ad0146660ad053fd44,bytecode_4,1,1825.0,1678.0,147.0,0.0,0
0x48bd67ad140c9d10f94099c1cef7ab17d90ac335,bytecode_4,1,3013.0,2754.0,259.0,1.0,False
0x48bf5e13a1ee8bd4385c182904b3abf73e042675,bytecode_5,1,1959.0,1711.0,248.0,1.0,True
0x48e4562b66df6824811c1171fdf9d5814a5b42ef,bytecode_4,1,3812.0,3619.0,193.0,1.0,True
0x49102622791a58abe990a0ac68ec3f4366c5b2b1,bytecode_5,1,4036.0,3769.0,267.0,1.0,True
0x499197314f9903a1ba9bed7ee54cd9eee5900e49,bytecode_4,1,6240.0,5930.0,310.0,1.0,True
0x4a5daa5e60d6128ea7ee21821f13ab625dad952e,bytecode_4,1,2879.0,2714.0,165.0,0.0,0
0x4ab4ebf4ffafb874517c9feb2433c9f925463eed,bytecode_4,1,2208.0,1893.0,315.0,1.0,True
0x4ad96fc9f73f84ce7c543af44bdb0279b95a422b,bytecode_4,1,2839.0,2164.0,675.0,1.0,False
0x4ae4aa1fcee87dffcac0a346a1e201f17a2ed26f,bytecode_4,1,2976.0,2808.0,168.0,0.0,0
0x4b6ddb08e3ca085dd52266e7fd8ec91010f6f8b5,bytecode_4,1,5634.0,5285.0,349.0,1.0,True
0x4b855725bb816b7e2b3e67bcffe0436b407675ae,bytecode_1,1,1867.0,1564.0,303.0,1.0,False
0x4b9c13e932de7597997d2f75e03616cba5413511,bytecode_4,1,2625.0,2423.0,202.0,0.0,0
0x4bbdeadf8334e8a85d3e22ec090af74c3a673118,bytecode_3,1,3112.0,2823.0,289.0,1.0,False
0x4bc78f6619991b029b867b6d88d39c196332aba3,bytecode_3,1,8311.0,8013.0,298.0,1.0,False
0x4c2e198cf5ee4ca4d6e9e0c1b2b954f9101c7fc1,bytecode_5,1,3208.0,2657.0,551.0,1.0,False
0x4c78ea05e229dd85a4f8020874f30bc69fe15fc9,bytecode_4,1,6017.0,5845.0,172.0,0.0,0
0x4d0425e47ee2d16b94c036715dfcb52a0cebc4dc,bytecode_1,1,4042.0,3752.0,290.0,1.0,False
0x4d6ec066345e3466d9e970caad4732983ae4bc2c,bytecode_3,1,4184.0,3965.0,219.0,1.0,True
0x4e61ba9c25d43e802c6be8d160432e4989dea1fc,bytecode_3,1,2566.0,2254.0,312.0,1.0,False
0x4e67f72bae98f02f5d11f4455427128aa6969e87,bytecode_1,1,3988.0,3427.0,561.0,1.0,False
0x4e7f1707d2bd6d35015a76addea244e4345e17cb,bytecode_4,1,2250.0,2033.0,217.0,0.0,0
0x4f417f4c6579bfaf712026690317d90405ade95e,bytecode_4,1,2558.0,2312.0,246.0,1.0,False
0x4f800a45631f2c74ef2d37201adf417b3b90ad3c,bytecode_3,1,3538.0,3240.0,298.0,1.0,False
0x4f9048d95616dbf7acc16fc4179f5ac6ee37bce6,bytecode_1,1,1436.0,1104.0,332.0,1.0,False
0x4fbcfa90ac5a1f7f70b7ecc6dc1589bbe6904b02,bytecode_4,1,8258.0,8009.0,249.0,0.0,0
0x5030f2fc18658a6de748cb23cbac9b2df2595618,bytecode_4,1,1328.0,1120.0,208.0,0.0,0
0x50abfc76b637b70571c301071f7ce660c1c3d847,bytecode_1,1,1325.0,1073.0,252.0,1.0,False
0x50cb61afa3f023d17276dcfb35abf85c710d1cff,bytecode_5,1,3528.0,3241.0,287.0,1.0,False
0x513c07e83237124e08672be4c8d481246d6f03f2,bytecode_3,1,5519.0,5238.0,281.0,1.0,False
0x51996c0a12526138815407bc61135fed50c0d136,bytecode_4,1,1301.0,975.0,326.0,1.0,False
0x51a2b1a38ec83b56009d5e28e6222dbb56c23c22,bytecode_4,1,5459.0,5218.0,241.0,0.0,0
0x51cf271deceb13b1711a9b5108917f43ea65fd05,bytecode_4,1,3133.0,2928.0,205.0,0.0,0
0x520ac2c0001f8be421951227b86ebd4e89a8c34c,bytecode_2,1,4344.0,4103.0,241.0,1.0,False
0x522e7ff686caf7ee5a4063b577ccc7f07054294b,bytecode_2,1,2596.0,2324.0,272.0,1.0,False
0x5239f2580d5305eb56a06fe6b2c1506478d965cc,bytecode_4,1,3510.0,3364.0,146.0,0.0,0
0x5346d0f80e2816fad329f2c140c870ffc3c3e2ef,bytecode_5,1,1478.0,1251.0,227.0,1.0,False
0x5391362afb8614b60e0193c130abc8f3af372bb5,bytecode_4,1,2177.0,1995.0,182.0,0.0,0
0x53b04999c1ff2d77fcdde98935bb936a67209e4c,bytecode_4,1,2416.0,2193.0,223.0,0.0,0
0x53c2c4ee7e625d0e415288d6e4e3f38a1bcb2038,bytecode_2,1,1742.0,1517.0,225.0,1.0,True
0x540834aa7a6f445b9cd960dd52ea41d382898538,bytecode_3,1,11176.0,10876.0,300.0,1.0,False
0x544789c586ddaed07ffb23f41ca1334232cb1804,bytecode_1,1,3107.0,2901.0,206.0,1.0,True
0x549b38e8e5fb1ba4acd4187d8b7c8a04deb53206,bytecode_5,1,1789.0,1600.0,189.0,1.0,True
0x54b0de285c15d27b0daa687bcbf40cea68b2807f,bytecode_4,1,4634.0,4429.0,205.0,0.0,0
0x54c716c88a3eb59f41e69f15d6714616fea64ed9,bytecode_4,1,1944.0,1536.0,408.0,1.0,False
0x5535a72556727c221c567e0fc4208c5a99dba1cc,bytecode_1,1,2768.0,2459.0,309.0,1.0,False
0x5581fc099dfc6be7ddc5ced2880665d777477a76,bytecode_4,1,311.0,136.0,175.0,0.0,0
0x55d722827c8e12504db5b4f3837bff2f43c9f232,bytecode_4,1,2504.0,2327.0,177.0,0.0,0
0x560a20eddeddf84217221aef0d5ca7d7ae7ae798,bytecode_4,1,6763.0,6594.0,169.0,0.0,0
0x56eed4c191ccd1c7a0b1ee5dcbc371814e7e5c1e,bytecode_2,1,2280.0,2014.0,266.0,1.0,False
0x570f5f99b4943edd9ee59776e9d3d0dba955f8c4,bytecode_4,1,3927.0,3496.0,431.0,1.0,True
0x5719ccc045330b53c84e399231c85bfa408cc1f0,bytecode_4,1,1656.0,1517.0,139.0,0.0,0
0x575cb87ab3c2329a0248c7d70e0ead8e57f3e3f7,bytecode_1,1,3779.0,3509.0,270.0,1.0,False
0x57ce4d3b0260bd93c420119ad867580654334143,bytecode_4,1,2469.0,2313.0,156.0,0.0,0
0x58fcf11196abaeefdf23198ec4ec9c5237963e17,bytecode_4,1,3414.0,3310.0,104.0,0.0,0
0x592f9b9a7d7aaf70fd6b4de9883a62ca888de702,bytecode_4,1,1173.0,850.0,323.0,1.0,True
0x5943f3aa6c8c276a41b71c06ae9b37792866fa10,bytecode_3,1,716.0,459.0,257.0,1.0,True
0x599ce9e4da4844ed1e6a22e4e19a0b998c6b5702,bytecode_2,1,2065.0,1551.0,514.0,1.0,False
0x5a502f7205c36ace7d457927b4b1f3a48baedeb2,bytecode_5,1,2725.0,2319.0,406.0,1.0,False
0x5a52d88754c5b56c24f4c5e78ebb74ccf1666c87,bytecode_4,1,3605.0,3435.0,170.0,0.0,0
0x5a555c2649f90302f453520e57dd9947784a4f3a,bytecode_4,1,5399.0,5170.0,229.0,1.0,True
0x5a6303a5753f91d07d191607983562a313ba14b7,bytecode_1,1,3444.0,3062.0,382.0,1.0,False
0x5a8658de344972fc8b6b6a01cd87a64bc7420a38,bytecode_4,1,3181.0,3027.0,154.0,0.0,0
0x5a8f9a2533ba8d11e743455ab338391d56f5ee6b,bytecode_3,1,959.0,748.0,211.0,1.0,False
0x5ac203c782fe5b74ece9cb4ed13b0597bb5c872e,bytecode_4,1,5741.0,5488.0,253.0,1.0,False
0x5b03686f4e484d8e0dc372628d35d49f9b30f7fe,bytecode_4,1,2938.0,2715.0,223.0,0.0,0
0x5b563e2515e089f11509ac18510d9346f492d56a,bytecode_4,1,1262.0,1129.0,133.0,0.0,0
0x5b8ad60798ec10ad36e52625ff881801240c491a,bytecode_4,1,4329.0,3968.0,361.0,1.0,False
0x5c0f734916b17c38674ed5867eda22f8314672ec,bytecode_5,1,541.0,318.0,223.0,1.0,True
0x5c15d6ac5db1a093ad57c383ffe11bde48b8241e,bytecode_5,1,1657.0,1443.0,214.0,1.0,False
0x5c5abd9c0f1c9b7305334944f47caa4b32703eef,bytecode_4,1,3194.0,3034.0,160.0,0.0,0
0x5c679a0a79d495affe049c02483519d51e37f32b,bytecode_4,1,3066.0,2854.0,212.0,1.0,True
0x5c6b491eda3b6610a0cf6d62b8a721c92ad33d44,bytecode_4,1,3426.0,3091.0,335.0,1.0,True
0x5cb888182fbffdb62c08fb4b5a343914f00fdfee,bytecode_4,1,2851.0,2712.0,139.0,0.0,0
0x5d11337d66c909c302491ecac47594bcba441491,bytecode_4,1,2655.0,2524.0,131.0,0.0,0
0x5d269f0280ff406c61535623ee37a45cd22f4dd7,bytecode_3,1,3492.0,3011.0,481.0,1.0,False
0x5d4456d1f4203645fd9c194e654594a72d5e6c76,bytecode_1,1,11047.0,10848.0,199.0,1.0,False
0x5da60592329d7651ff3415ef7f3d3ed91d1c2f24,bytecode_4,1,1193.0,807.0,386.0,1.0,False
0x5dc8bc1418b17aeb7f73351220aa0a3f520dc8fe,bytecode_4,1,993.0,842.0,151.0,0.0,0
0x5dd4cd8ec1fd73452be387e8abbc70d4d200478a,bytecode_2,1,6770.0,6235.0,535.0,1.0,False
0x5dfd352590e02562832e99917f15f9645a13f3ec,bytecode_1,1,4216.0,3914.0,302.0,1.0,False
0x5dff4aaf908d4c800bb61027a0aa1452d446a6d9,bytecode_5,1,3565.0,3080.0,485.0,1.0,True
0x5e61ef7212519d8282b63ae4fa037d5584474ade,bytecode_3,1,1809.0,1540.0,269.0,1.0,True
0x5e9a063dbc650944bdc824bd1c3b3196a5f1f582,bytecode_5,1,5215.0,4958.0,257.0,1.0,True
0x5ec18b477b20af940807b5478db5a64cd4a77efd,bytecode_3,1,4562.0,4321.0,241.0,1.0,False
0x5eee354e36ac51e9d3f7283005cab0c55f423b23,bytecode_3,1,2111.0,1850.0,261.0,1.0,True
0x5f1a08554f0dc0cf79852c564a10981ffbd7c8af,bytecode_5,1,7359.0,7059.0,300.0,1.0,False
0x5f4599a9512372552d2b3abeeb9f9095c7514576,bytecode_5,1,11037.0,10702.0,335.0,1.0,False
0x5f875083f7f3c71ee347a37bd3e234f60c062cd0,bytecode_2,1,2985.0,2691.0,294.0,1.0,False
0x5fc516dadc9f55cf40a415bab5ae56202ed68396,bytecode_3,1,2443.0,2213.0,230.0,1.0,True
0x607e87cdc8bf7707c95c2de208256e350a7d3239,bytecode_4,1,6316.0,5847.0,469.0,1.0,True
0x60b4e5c79f7bfdfbfb4d62cbc0aaa01eb5806e45,bytecode_5,1,7197.0,6984.0,213.0,1.0,False
0x60d5e18cd69f0cd2860fb2543a44df026875b83f,bytecode_4,1,3567.0,3346.0,221.0,1.0,False
0x611ae0be21a9c0ab284a4a68c8c44843330072a7,bytecode_4,1,1120.0,836.0,284.0,1.0,True
0x613217fd0ae3a898cc97ec9a494fb43a4ac69e8e,bytecode_2,1,7405.0,6986.0,419.0,1.0,True
0x61544d03fec3db9b8d55b084bee1f9d062f7510b,bytecode_5,1,4828.0,4634.0,194.0,1.0,True
0x61658990dfdd653aff5198e209a688c5195b5c79,bytecode_4,1,2556.0,2331.0,225.0,1.0,True
0x61ab321758fe7a302026b8831d1532c7c9cebe21,bytecode_2,1,932.0,686.0,246.0,1.0,True
0x61dc161b06088b9cbaad53391134929a83d1eb7a,bytecode_1,1,3772.0,3014.0,758.0,1.0,False
0x61ea46d23b5ead47be7dbb9d54d185dbd7137dc4,bytecode_4,1,5151.0,4917.0,234.0,1.0,True
0x6288c6b68f06b1a3fd231c9c1cb37113a531c912,bytecode_5,1,976.0,696.0,280.0,1.0,True
0x6329316475a98027e62246d25e4a5ed8d7f9fc51,bytecode_4,1,5968.0,5742.0,226.0,0.0,0
0x635783f8dc5e941fc142235ea44cc3529c17695d,bytecode_3,1,3045.0,2761.0,284.0,1.0,False
0x6400b5522f8d448c0803e6245436dd1c81df09ce,bytecode_3,1,4111.0,3743.0,368.0,1.0,False
0x640f719bff8f02c37b36f3ee3fc00f85a4b16fbb,bytecode_1,1,1229.0,726.0,503.0,1.0,False
0x6418a8b4ff1f0b07f93e9212a106a66bd21499a7,bytecode_4,1,1395.0,1232.0,163.0,0.0,0
0x645f0c9695f2b970e623ae29538fdb1a67bd6b6e,bytecode_2,1,5009.0,4729.0,280.0,1.0,False
0x64704e92440ee2f94d2cc2f4b8b662a292cb7b3b,bytecode_4,1,4103.0,3966.0,137.0,0.0,0
0x64d581770b541b5609140232fc12f47bbe0fe6bc,bytecode_4,1,3448.0,3257.0,191.0,0.0,0
0x657f73cb1877eb98ddd3381d825613336d8b8dbe,bytecode_1,1,3439.0,3009.0,430.0,1.0,False
0x658d9424da329087a60868957f9b1d1edd1d6f34,bytecode_3,1,2635.0,2420.0,215.0,1.0,True
0x65b6b495730371a807915441ed337f09d039bc66,bytecode_1,1,2542.0,2347.0,195.0,1.0,True
0x65bcf8de5c59ee18a69733759c3b8040416c8fa2,bytecode_4,1,2287.0,2129.0,158.0,0.0,0
0x65e68b87f1380b92692f7af47cbeff917ee27a16,bytecode_4,1,4325.0,4144.0,181.0,0.0,0
0x65ff0b637bcfd601c1f4c38dcbbcf0b5c657210f,bytecode_4,1,2328.0,2087.0,241.0,1.0,True
0x6651562d6251953dbee83d80c4014eb3f4c00f55,bytecode_2,1,6290.0,5752.0,538.0,1.0,False
0x66a9f1e53173de33bec727ef76afa84956ae1b25,bytecode_3,1,1981.0,1704.0,277.0,1.0,False
0x66ec7145b52cb088e79306beb3d26fad0935f8c3,bytecode_5,1,14341.0,14092.0,249.0,1.0,False
0x67119bbdc1683df2ad85ccea4304619f5d62e000,bytecode_4,1,3742.0,3596.0,146.0,0.0,0
0x675d3fec99bbdee31b8d562a5f9396c445304016,bytecode_4,1,2765.0,2473.0,292.0,1.0,True
0x675f070e80f89ddcc3f2457d9fe571814741e904,bytecode_4,1,3272.0,3113.0,159.0,0.0,0
0x67601d7a7cbbd77368785122c508503f168b1daa,bytecode_5,1,3345.0,3105.0,240.0,1.0,True
0x67b05fa2ababcdb3e1a1635868f58f9652bd3298,bytecode_4,1,1295.0,1075.0,220.0,1.0,True
0x680ec9492d8372662dd439294bff2bd373e96309,bytecode_5,1,3056.0,2836.0,220.0,1.0,False
0x6869b8e23b1de74aa9376ec2b5f194bb9aa08cbc,bytecode_2,1,4466.0,4269.0,197.0,1.0,False
0x688dde13bd594a9030feefe6fa39cb353b7351c7,bytecode_1,1,7868.0,7347.0,521.0,1.0,False
0x68af0f18c974a9603ec863fefcebb4ceb2589070,bytecode_1,1,1300.0,1048.0,252.0,1.0,True
0x68c4b7d05fae45bcb6192bb93e246c77e98360e1,bytecode_5,1,1698.0,1355.0,343.0,1.0,False
0x6947c40ba3fa0e0b2689ea3983e57b746d4568a1,bytecode_4,1,4526.0,4347.0,179.0,0.0,0
0x6959f7fa12392b93e6af39c300e67923928b184f,bytecode_1,1,1393.0,1159.0,234.0,1.0,True
0x69d1ef860246fa242041bf1d784e8cb43e2a9b07,bytecode_2,1,944.0,692.0,252.0,1.0,True
0x69e13cf732101abb92b876db6d5f44012b05967c,bytecode_4,1,1832.0,1653.0,179.0,0.0,0
0x69ed072262c41b72b335df4b1a80d31513e0f00f,bytecode_1,1,6970.0,6482.0,488.0,1.0,True
0x69f3893ab937356c55feeddb0b69da0e875e9930,bytecode_4,1,1583.0,1423.0,160.0,0.0,0
0x6a4b6316d1d03d2f2b3a0294502f8faf0f38ca14,bytecode_4,1,5480.0,5051.0,429.0,1.0,False
0x6a57883b5748bf3631ac2e0d43bf0d6f6cbcd16b,bytecode_4,1,1411.0,1233.0,178.0,0.0,0
0x6acd16200a2a046bf207d1b263202ec1a75a7d51,bytecode_4,1,999.0,857.0,142.0,0.0,0
0x6ace03f517ae15f1a8d1b6811d23f7aa8c295be0,bytecode_3,1,1592.0,1374.0,218.0,1.0,True
0x6ad817b9020adcb10b4a08e713bae0980385c674,bytecode_1,1,4176.0,3962.0,214.0,1.0,True
0x6b0611c65b53e72429d799ed512d0da123ac0fb9,bytecode_4,1,2279.0,2067.0,212.0,0.0,0
0x6b523ae3367e8b769c430f4f3c8cc6dad35fa282,bytecode_2,1,8627.0,8185.0,442.0,1.0,False
0x6b58cd5fa36ce03ec007ddb102c1480e1217832d,bytecode_1,1,5470.0,5217.0,253.0,1.0,False
0x6ba91780977db9ce9100a8492de162441d875f47,bytecode_4,1,2013.0,1821.0,192.0,0.0,0
0x6ba9908db7340f82e75ac42468b8172dbf37c1d6,bytecode_1,1,843.0,568.0,275.0,1.0,False
0x6bb545b8a2e869009487eb7e5e045178b7221e36,bytecode_3,1,3125.0,2931.0,194.0,1.0,True
0x6bf4ac662f183f3ba1960bd6d6691b7613589d23,bytecode_3,1,769.0,507.0,262.0,1.0,False
0x6bfd14b85d863408fc2df06cc4f9808d36930fa3,bytecode_4,1,2315.0,2147.0,168.0,0.0,0
0x6c221dea36d48512947bde8aeb58811db50dbf6f,bytecode_3,1,447.0,236.0,211.0,1.0,True
0x6cc12c718c924c63b9fa90cff0722054e408049a,bytecode_4,1,2115.0,1883.0,232.0,0.0,0
0x6ce18683c4b38ecba1804618d0e3578095d31eec,bytecode_4,1,1204.0,1034.0,170.0,0.0,0
0x6ce8b8eed077f9b49c1fa684008ebb7562bb41ad,bytecode_1,1,2393.0,2051.0,342.0,1.0,False
0x6d903f6003cca6255d85cca4d3b5e5146dc33925,bytecode_3,1,5254.0,4948.0,306.0,1.0,False
0x6dd188556cfaef2f4c361cf4f1f8f3eaf5d05ee2,bytecode_2,1,1759.0,1474.0,285.0,1.0,False
0x6dfdec940b83e424c1433d08b2e6096809d3698b,bytecode_4,1,3172.0,2963.0,209.0,1.0,True
0x6dfe212d1461014be1781b0be710dda1c036d8ef,bytecode_4,1,4473.0,3967.0,506.0,1.0,False
0x6e90000083dcaae8a66c9b703329be56a967028c,bytecode_3,1,4463.0,3925.0,538.0,1.0,False
0x6f2deef18421ba39065223b23ef38666b3052a46,bytecode_4,1,2301.0,2076.0,225.0,1.0,True
0x6f303642844f734ad4176d0dfe93ef7e0776ef46,bytecode_4,1,1589.0,1418.0,171.0,0.0,0
0x6f8a4241eb46e2db6793d5bf184542f32e86e27f,bytecode_2,1,1778.0,1475.0,303.0,1.0,False
0x6f95f1ce0c8d0257fe993b2358aca29ea0506943,bytecode_3,1,3919.0,3751.0,168.0,1.0,False
0x6ff1722ed92cb5ad4b2e7c85b8d44c4d8f9e7856,bytecode_1,1,3499.0,3236.0,263.0,1.0,True
0x6ffbd6b41b802550c57d4661d81a1700a502f2ab,bytecode_4,1,4010.0,3831.0,179.0,0.0,0
0x70135f213345cd39370c767150dab36b4a385f12,bytecode_4,1,1846.0,1714.0,132.0,0.0,0
0x706b36a1f11457b31652149b77a3fef16575b808,bytecode_3,1,4419.0,4107.0,312.0,1.0,False
0x709865523b61c905a10dcc317d5578af3180d577,bytecode_4,1,6828.0,6401.0,427.0,1.0,False
0x7099ea5286aa066b5e6194ffebee691332502d8a,bytecode_2,1,655.0,377.0,278.0,1.0,True
0x70f9eddb3931491aab1aeafbc1e7f1ca2a012db4,bytecode_3,1,1065.0,807.0,258.0,1.0,False
0x71161dfbf5bd789e38a4b4bb8706fdceb2436ab3,bytecode_3,1,3329.0,3023.0,306.0,1.0,False
0x714c1ef3854591d4118bd6887d4740bc4d5f5412,bytecode_2,1,10331.0,10014.0,317.0,1.0,False
0x71829ed960594f5e764b9854c89a308c70500432,bytecode_4,1,7632.0,7293.0,339.0,1.0,False
0x71a42fd60323204912468cd32a8283ed5d45a28f,bytecode_4,1,6623.0,6332.0,291.0,1.0,False
0x7209450e0ab4067b7716c82751d01d72a0e87c8e,bytecode_4,1,3268.0,3088.0,180.0,0.0,0
0x722baa20d3b42fc1ec0b63fb84ba3fda47da4a26,bytecode_3,1,4224.0,3958.0,266.0,1.0,False
0x72cc9d8e0a8034fecd2159fb2a951efe8b49f5ae,bytecode_2,1,3296.0,2951.0,345.0,1.0,False
0x72d9513547252dbf5377e0ab9ad310fd88b52415,bytecode_3,1,2087.0,1887.0,200.0,1.0,True
0x72ee07223ad92dfd9e37ce03ad795b1aeddd28b4,bytecode_3,1,1914.0,1582.0,332.0,1.0,False
0x72ef69c092e9388334a868804055ac3fa350d1a5,bytecode_4,1,4562.0,4261.0,301.0,1.0,True
0x731ea4ba77ff184d89dbeb160a0078274acbe9d2,bytecode_4,1,3374.0,3197.0,177.0,0.0,0
0x73d9e7e5aa720d3867449b111b4136cfab83a5bb,bytecode_5,1,2971.0,2740.0,231.0,1.0,True
0x73f09b50960f87af26ff4817a93c0f5efd0aa9e2,bytecode_1,1,1995.0,1683.0,312.0,1.0,False
0x744dd2ab719e670f883b036c8a335eb6db43137f,bytecode_3,1,2770.0,2465.0,305.0,1.0,False
0x74567d0ed4e11bd406d5e48c9074fda4207a5f37,bytecode_4,1,8157.0,4879.0,3278.0,1.0,True
0x748f9a0ac36b123c7e4f687f7737f759628c4392,bytecode_4,1,2078.0,1923.0,155.0,0.0,0
0x749b689079787858cf34f120a5101b00a1d7dc78,bytecode_4,1,3069.0,2714.0,355.0,1.0,False
0x74c2eb8361f45f4f5cb89819ef4c9c22bf7878c0,bytecode_4,1,1674.0,1537.0,137.0,0.0,0
0x74ccb8e25e01dab91ea955ec64ac1bdb054f6567,bytecode_2,1,6649.0,6462.0,187.0,1.0,False
0x74d13225bc488397212e63dc38b497f6aa7a7a69,bytecode_3,1,2478.0,2085.0,393.0,1.0,False
0x75cb629408d1ea387df0a1f755e0bc371a5fa036,bytecode_5,1,2419.0,2251.0,168.0,1.0,False
0x7615882d2c0dba1913623c5a4c50fc345723d013,bytecode_5,1,2488.0,2254.0,234.0,1.0,True
0x762a7ea687d5f9aaed98eb4c5e597b43652af7ff,bytecode_3,1,5320.0,5015.0,305.0,1.0,False
0x7675de10fe92ec4661438d0b502bcf280898c043,bytecode_5,1,2985.0,2769.0,216.0,1.0,False
0x768e66ef1ea28ec0b1380a71577a2a83d78d32a4,bytecode_5,1,538.0,221.0,317.0,1.0,False
0x77e4af571038e876ca322fa91977ec9cb6671931,bytecode_4,1,1896.0,1796.0,100.0,0.0,0
0x780c98cbb0cc21d6617c05332bd5cf6f847c71c2,bytecode_3,1,1236.0,820.0,416.0,1.0,False
0x7824134a725e63a5f0bb2bb47b57239adafc147b,bytecode_3,1,2814.0,2475.0,339.0,1.0,False
0x7839624282f5f00b48adc70d0756228c433966d0,bytecode_4,1,2560.0,2375.0,185.0,0.0,0
0x7843e028d85a5cf771a5a1f3c1ecafd653b45483,bytecode_4,1,8382.0,8066.0,316.0,1.0,False
0x786018160e9224bad5a9633d5951c88ad1bec7f6,bytecode_4,1,1906.0,1695.0,211.0,0.0,0
0x78d12fc8a093fd1164c6f408351763bb0e0cc812,bytecode_1,1,4781.0,4507.0,274.0,1.0,False
0x791ec772063d0084867d10657ba9633ea3de5d09,bytecode_3,1,5784.0,5238.0,546.0,1.0,False
0x7935f93ededc53ef246e5f9c03f2cb323b1326e4,bytecode_4,1,9453.0,9173.0,280.0,1.0,False
0x7963aa3202d186e0da113423da0fccf879b69cb2,bytecode_3,1,1671.0,1470.0,201.0,1.0,True
0x798b1eed1ed90df11adcd688bb42888dd20ca0db,bytecode_3,1,11968.0,11748.0,220.0,1.0,True
0x79e10a7324e97ef9d6ab9f5dd069b847f99ee851,bytecode_4,1,1918.0,1645.0,273.0,0.0,0
0x7a3822a45dd6e6c91cc87012b3059266106e122d,bytecode_3,1,5183.0,4935.0,248.0,1.0,False
0x7a5793566dff9698a666ddafd9c4727934672659,bytecode_1,1,5188.0,4287.0,901.0,1.0,False
0x7b3c4d90e8af6030d66c07f8f815f9505e379d6f,bytecode_3,1,1268.0,1033.0,235.0,1.0,True
0x7b880b6c40553ea3f1aa6f2c85453c441fed1f7d,bytecode_5,1,3514.0,3009.0,505.0,1.0,False
0x7c0f10bc53c0958e0edccef87a088f52c55843db,bytecode_1,1,3233.0,3013.0,220.0,1.0,True
0x7c5249ca4de547d388c056139043e876963b1633,bytecode_4,1,4282.0,3997.0,285.0,1.0,True
0x7d09edb07d23acb532a82be3da5c17d9d85806b4,bytecode_4,1,2872.0,2460.0,412.0,1.0,False
0x7d60b8434b2ee40ca99774010a3a8de2375f61c5,bytecode_2,1,2908.0,2647.0,261.0,1.0,False
0x7d7caeb5badbda7bb803fd2ad3b60396f60e897d,bytecode_1,1,6296.0,6115.0,181.0,1.0,False
0x7dce85240d178ae61e91aa82ecdc2048d1ca052f,bytecode_4,1,2844.0,2641.0,203.0,0.0,0
0x7edd7e5a4ce499ea498d5c076f744f52ae00f81b,bytecode_4,1,1932.0,1711.0,221.0,0.0,0
0x7ee65fe55accd9430f425379851fe768270c6699,bytecode_4,1,842.0,663.0,179.0,0.0,0
0x7f3e7af72b565d508ce63abbfdefd0161390c9ed,bytecode_1,1,3717.0,3393.0,324.0,1.0,False
0x7fee3ef2b3007ee4998df0c4f3eb493b5d168641,bytecode_4,1,2156.0,1956.0,200.0,0.0,0
0x80ba3b3780187eca1ca7b4f8636549ac1f0c1faa,bytecode_2,1,2531.0,2316.0,215.0,1.0,True
0x80e38d47b1dda527e45c353f6fadd133c7c21f35,bytecode_3,1,1702.0,1423.0,279.0,1.0,True
0x80e4f014c98320eab524ae16b0aaf1603f4dc01d,bytecode_4,1,2710.0,2484.0,226.0,1.0,False
0x81171df8191b837eb73bdbefc573b2a3047b61ff,bytecode_4,1,5526.0,5431.0,95.0,0.0,0
0x8189eb9370ceee0b98d83cc9bd152f98991122e3,bytecode_1,1,1847.0,1338.0,509.0,1.0,False
0x81abbc00f3ce78966c25ddb5832f1f0a91381ba2,bytecode_1,1,5400.0,5030.0,370.0,1.0,False
0x8207bcaacd247a03fbd68e1a941092fa678cf492,bytecode_1,1,2704.0,2518.0,186.0,1.0,True
0x820b5d21d1b1125b1aad51951f6e032a07caec65,bytecode_4,1,2206.0,2051.0,155.0,0.0,0
0x827b358e0b2a1d795ca0be2b90e1b2da6fe12536,bytecode_5,1,2328.0,1848.0,480.0,1.0,False
0x82cc62a5441c4df93acf0d2cf63e25060289e847,bytecode_2,1,779.0,511.0,268.0,1.0,False
0x833161e61337b6b6a4866cdffabaf20edf25ae77,bytecode_4,1,6659.0,6445.0,214.0,1.0,True
0x833ede3050c27d88e5da6922a312e3fdc15be29b,bytecode_4,1,1549.0,1327.0,222.0,0.0,0
0x837ae66bfbcdee3f5d07a051c17401e5636d77b3,bytecode_4,1,5238.0,5155.0,83.0,0.0,0
0x83ba853b8196bb51c148dd762a827c703b156450,bytecode_4,1,2224.0,1963.0,261.0,1.0,True
0x8427eb8cc2f86a778bc9554e808bf02fffc32f6c,bytecode_4,1,1957.0,1617.0,340.0,1.0,False
0x84443f61efc60d10da9f9a2398980cd5748394bb,bytecode_4,1,463.0,315.0,148.0,0.0,0
0x84eeca28082982abd1d68eadf2c5f509dd181bad,bytecode_4,1,2076.0,1948.0,128.0,0.0,0
0x859a46bcab721b97af727cd4be4a7d84f6d8880b,bytecode_4,1,2677.0,2493.0,184.0,0.0,0
0x85cef9f957c644e91c081eef2e5da318458778b1,bytecode_4,1,6462.0,6116.0,346.0,0.0,0
0x864a060a41011c3ecfef460029482bb4d3cc80c9,bytecode_3,1,3483.0,3213.0,270.0,1.0,True
0x871df24bcf3a0ba05fded754a2dd4368e9b29145,bytecode_4,1,4097.0,3922.0,175.0,0.0,0
0x8796e9e3b15869d444b8aabda0d3ea7eeafdea96,bytecode_4,1,3489.0,3301.0,188.0,1.0,True
0x880407c9cd119bef48b1821cdfc434e3ca3cd588,bytecode_4,1,2660.0,2392.0,268.0,1.0,False
0x8815dfae43dd8f6e772cb700b4721d1deab0fac0,bytecode_1,1,6551.0,6038.0,513.0,1.0,False
0x88355a32a8c5cc399aa09b9d21ebcba935ae5d2f,bytecode_5,1,2891.0,2581.0,310.0,1.0,False
0x88496dd0bb932b060e9c7c4ddc8e1b72b1e39451,bytecode_4,1,1208.0,894.0,314.0,1.0,False
0x888a0f7d4f95a191f59b529384c6e127a5fd289c,bytecode_5,1,1975.0,1713.0,262.0,1.0,True
0x8895d5f9deb4840c6282c11faa7f4f471e0f9740,bytecode_2,1,6757.0,6462.0,295.0,1.0,False
0x88b4cb056467cdd50e1760d309b18139ce31b3c5,bytecode_4,1,6420.0,6315.0,105.0,0.0,0
0x8937a0ab96e07edbd93cbd473174fe9b147cda4f,bytecode_4,1,3941.0,3761.0,180.0,1.0,False
0x8942a5995bd168f347f7ec58f25a54a9a064f882,bytecode_5,1,5544.0,5200.0,344.0,1.0,False
0x897c6cf1996edfb2126703dcecf038df646298fa,bytecode_4,1,2490.0,2349.0,141.0,0.0,0
0x897d6c6772b85bf25b46c6f6da454133478ea6ab,bytecode_2,1,3508.0,3298.0,210.0,1.0,True
0x898cae9474b6ddd35d1c4fe95f33dc269158ff1a,bytecode_4,1,2306.0,2136.0,170.0,0.0,0
0x899f9a0440face1397a1ee1e3f6bf3580a6633d1,bytecode_4,1,749.0,606.0,143.0,0.0,0
0x8a3c54eff8ebb861c9c6ad066cbb9da08e9a8cdf,bytecode_3,1,6106.0,5888.0,218.0,1.0,True
0x8a451bcd32a78661678e08a724c9f759906fd2eb,bytecode_1,1,10332.0,10087.0,245.0,1.0,True
0x8a99ed8a1b204903ee46e733f2c1286f6d20b177,bytecode_4,1,2855.0,2765.0,90.0,0.0,0
0x8ade9bcda847852de70bada69bbc9358c1c7b747,bytecode_4,1,310.0,108.0,202.0,0.0,0
0x8b7d07b6ffb9364e97b89cea8b84f94249be459f,bytecode_2,1,5421.0,5042.0,379.0,1.0,False
0x8c20d8d54771df6ed6728ca7413ae95e2e5f14ee,bytecode_5,1,3772.0,3548.0,224.0,1.0,True
0x8c7543714e76ebaddf0d28348d626aff28e80ff3,bytecode_1,1,1233.0,980.0,253.0,1.0,False
0x8c863333c2e92f02e01f7a3c6d131e4d59f78990,bytecode_4,1,1209.0,941.0,268.0,1.0,True
0x8c8ccb81d436b0f3017664441c39cbefbd64650f,bytecode_4,1,4235.0,4004.0,231.0,1.0,False
0x8d6b6f21e4519ec10f54842cd9c113ee7e50e04a,bytecode_4,1,7064.0,6617.0,447.0,1.0,False
0x8d6e79f25302dee4caaf9187fb1434c4a1465c3a,bytecode_1,1,3593.0,3093.0,500.0,1.0,False
0x8d7b45c16740e617c3444edf2754938c5b787297,bytecode_3,1,3737.0,3307.0,430.0,1.0,False
0x8d8ff7ea7015326d7fef637e4e9461207c8ff412,bytecode_3,1,2694.0,2235.0,459.0,1.0,False
0x8ec513a2cc3f4c661362b6eb65cee82bd97f1f70,bytecode_4,1,234.0,100.0,134.0,0.0,0
0x8ecb6d18b2163d955fb9171fec1fb4f9382001bc,bytecode_3,1,3286.0,2963.0,323.0,1.0,False
0x8ed6ae0903c66484bcafd7528d284b324207f620,bytecode_1,1,2503.0,2196.0,307.0,1.0,False
0x8edcce0beb122b74d127de716f217a6630efb453,bytecode_1,1,3364.0,3095.0,269.0,1.0,False
0x8f768f893816df4e0699b1e7460223b9ba321c7b,bytecode_4,1,6497.0,6318.0,179.0,0.0,0
0x8f9ee4f2a83670b0c775157e12a43e068d191218,bytecode_4,1,2696.0,2567.0,129.0,0.0,0
0x8fbb7bd244440673328970484a96c5e9d95f6865,bytecode_4,1,3094.0,2854.0,240.0,0.0,0
0x8fd1a3ea61b1456be58e38b8c1bea49acb84b7fd,bytecode_4,1,1968.0,1851.0,117.0,0.0,0
0x8fd1e427396ddb511533cf9abdbebd0a7e08da35,bytecode_4,1,1437.0,1309.0,128.0,0.0,0
0x8fe19c447821b4cdcdd5012bca1b5469ca96d80d,bytecode_4,1,4577.0,4045.0,532.0,1.0,False
0x90155a208f61880f76cd0b64b15674de2f775e1b,bytecode_4,1,259.0,104.0,155.0,0.0,0
0x9176a610d56c72c57e3bce5bdcbf2b400dd63066,bytecode_4,1,5956.0,5781.0,175.0,1.0,False
0x9189ce85444bca0a2cc5bd8a4e7a07712e8fbfa6,bytecode_3,1,7111.0,6809.0,302.0,1.0,False
0x91ae7d824e3e5e97c9ed5a325b90151415c54da2,bytecode_4,1,2390.0,2201.0,189.0,0.0,0
0x920a3ecd027901af47dbb00037a152ff0201a862,bytecode_5,1,1048.0,591.0,457.0,1.0,False
0x9212aae431d079adadf1041be4cf2db4a929fe63,bytecode_4,1,1374.0,935.0,439.0,1.0,True
0x923c90b98ee834d118c85ddf44906ee1769df648,bytecode_4,1,4213.0,3948.0,265.0,1.0,False
0x92579f2fa430b20bf6ce9d19938fe061aad992e2,bytecode_4,1,2347.0,2142.0,205.0,0.0,0
0x925b8c327d0065827977d08f8009dba33ad9f450,bytecode_1,1,4433.0,4197.0,236.0,1.0,False
0x92891fb5abe9049e181ca49ce04a9872c0c1ca44,bytecode_5,1,670.0,438.0,232.0,1.0,True
0x92acd2c2442eb6242960bda85c4ea8ee34bcd61b,bytecode_4,1,3263.0,3101.0,162.0,0.0,0
0x93065b5c7eb63333b8e57a73012d25f687895785,bytecode_3,1,5020.0,4581.0,439.0,1.0,False
0x932fc462d97e23e9fe8d5a1f085d9d611b892666,bytecode_1,1,4538.0,4145.0,393.0,1.0,False
0x936d118702ad19aa39d6e0aed5efd434a577f6bf,bytecode_2,1,2765.0,2491.0,274.0,1.0,False
0x939f33685887787b0d11790a43095ad80e5b5dc5,bytecode_4,1,429.0,268.0,161.0,0.0,0
0x93d812bf90a575d628e246b0966505a9e466f534,bytecode_4,1,1408.0,1235.0,173.0,0.0,0
0x940c9515085de7e73efc89967d26a2306554a043,bytecode_2,1,1017.0,747.0,270.0,1.0,False
0x9419fbecfa0a9e38a96be2d818daa13dca72396e,bytecode_2,1,4831.0,4594.0,237.0,1.0,True
0x94249cbca4036c381e2a7ce4f64278146ba7d483,bytecode_5,1,6745.0,6462.0,283.0,1.0,False
0x942eae45efbf63dfaaac03203b5ccd61d0ee77ab,bytecode_5,1,1039.0,788.0,251.0,1.0,True
0x94988e076f23ef94d05a1cc285f2055d54334b78,bytecode_4,1,573.0,403.0,170.0,0.0,0
0x95353d92cae5d9403583d2657af6d06843d7ec09,bytecode_3,1,1281.0,1029.0,252.0,1.0,False
0x954730298304a0b4b4c885244695aed5e0a8a27a,bytecode_3,1,2276.0,2017.0,259.0,1.0,True
0x95b34d8f8802e723bd71523643dce3ed5cfddac2,bytecode_1,1,2039.0,1776.0,263.0,1.0,False
0x95cc9c7bf003d948dea3a5a95116f7fd9ca43778,bytecode_3,1,3043.0,2757.0,286.0,1.0,False
0x95d4e8bfdff6e525e8d6f9ee57d375d8bd2e547d,bytecode_4,1,2077.0,1720.0,357.0,1.0,True
0x95e991e6e39b414ca6b73ada350be6e502fdce8c,bytecode_4,1,2321.0,2143.0,178.0,0.0,0
0x96e555b1fc5f2cffea77eeedbe962cf5d2fa83c7,bytecode_3,1,723.0,495.0,228.0,1.0,False
0x96fee422ec618ad130d0e9b7850a9c80cda2da95,bytecode_4,1,1721.0,1526.0,195.0,0.0,0
0x971fdec17b5f70d98d3a1017034499cf7172d9b4,bytecode_1,1,5536.0,5178.0,358.0,1.0,False
0x977ef63c89963fe7d32764a51e1882ca6f9970e1,bytecode_3,1,3633.0,3113.0,520.0,1.0,False
0x9798d857476de56c066abb4f8395e8f061893bac,bytecode_5,1,3494.0,3178.0,316.0,1.0,False
0x97c28151617f7361ac7ebff5f7c864d39947e73f,bytecode_4,1,1076.0,686.0,390.0,1.0,False
0x97c9e0eccc27efef7330e89a8c9414623ba2ee0f,bytecode_4,1,8970.0,8510.0,460.0,1.0,True
0x97e9c7678b34b09bdb404bafd573cafc4240a5d2,bytecode_2,1,3081.0,2669.0,412.0,1.0,False
0x986ee2b944c42d017f52af21c4c69b84dbea35d8,bytecode_2,1,3775.0,3528.0,247.0,1.0,True
0x98ca85c59dee34dbc26667eac04f13e39f5f765a,bytecode_5,1,5688.0,5395.0,293.0,1.0,True
0x98e99289a5ee16367dc45c30cf08bda3c2926e86,bytecode_4,1,4031.0,3743.0,288.0,1.0,False
0x991871cc8f8f5f0146141ebe908a16b5889d9250,bytecode_4,1,8213.0,8013.0,200.0,0.0,0
0x991f09f2e5dd6d1f3ff7f72d0dcab964d4c8cbbf,bytecode_4,1,5219.0,5129.0,90.0,0.0,0
0x991f0e5c5775ca9dd02e30e67f545c36cff3690e,bytecode_5,1,2593.0,2301.0,292.0,1.0,True
0x99352d1edfa7f124ec618dfb51014f6d54bac4ae,bytecode_4,1,1293.0,1138.0,155.0,0.0,0
0x999d332eee57452cf07bceec365fd35ba5c142cb,bytecode_4,1,7087.0,6759.0,328.0,1.0,False
0x9a0544f72bb87515d77924a66b408935557ad76e,bytecode_3,1,741.0,439.0,302.0,1.0,False
0x9a155b13d3173e9e2d35623b465abf9da43ca4b1,bytecode_1,1,2572.0,1926.0,646.0,1.0,False
0x9a688e01028670141e4e0551560c7bbdc28d006e,bytecode_3,1,2557.0,2225.0,332.0,1.0,False
0x9a6a87ff80a327e10f995e747e77d4a29999175e,bytecode_3,1,7246.0,6973.0,273.0,1.0,True
0x9b0e41d224385d0648d033ab49c9355040d73b94,bytecode_3,1,2228.0,2053.0,175.0,1.0,True
0x9b2d640906a77079f9ece2104f7f384e31849a8a,bytecode_4,1,2876.0,2602.0,274.0,1.0,False
0x9b2de3808e64a2a7ddfab46e991d9f354acde54d,bytecode_4,1,2031.0,1886.0,145.0,0.0,0
0x9be0754df1f8ebf8d6a6fc86e0bf186aa3f7a4f4,bytecode_4,1,2767.0,2627.0,140.0,0.0,0
0x9c099997100fe55041b2028332a027ad7004aac4,bytecode_3,1,2743.0,2442.0,301.0,1.0,False
0x9c6a68be3b5bfa059af5da21678ff3cfe4426fdb,bytecode_4,1,1554.0,1373.0,181.0,0.0,0
0x9cba40c86b83a88bd5663cac07843a37ccb753cf,bytecode_4,1,11197.0,10938.0,259.0,0.0,0
0x9d7c2a11322416436f0827e7bbdb3ae40ba693f9,bytecode_5,1,4753.0,4306.0,447.0,1.0,False
0x9dcd9a815bfe85593eb65901e1dbdde4073738b0,bytecode_4,1,3263.0,3122.0,141.0,0.0,0
0x9e4ad79049282f942c1b4c9b418f0357a0637017,bytecode_4,1,5031.0,4797.0,234.0,0.0,0
0x9e61d86dba4c130629b8dcc4e30fc06758a1b8b7,bytecode_5,1,8301.0,8073.0,228.0,1.0,True
0x9ed484129f09e5a90a13f4e914a0bd6fa08ceba7,bytecode_4,1,1734.0,1583.0,151.0,0.0,0
0x9f2cd125603b15037c922f442740b1b9535d484f,bytecode_5,1,2637.0,2122.0,515.0,1.0,False
0x9f8c9b1208e55a3c68b668d14c749d6b80519081,bytecode_4,1,1730.0,1604.0,126.0,0.0,0
0x9fa148edd31e8afde3cc766a12131409d34382c0,bytecode_4,1,2199.0,2020.0,179.0,0.0,0
0x9fb2fd4bce3061b826bf1a0b53b737c6f3e0e586,bytecode_4,1,2501.0,2296.0,205.0,0.0,0
0xa042a3079a45ca1fb586b8307bcab9b8f8a85b27,bytecode_5,1,3364.0,3090.0,274.0,1.0,True
0xa04e5b78fbd31caec8f8af126d00a57f56c1f7ae,bytecode_4,1,2833.0,2340.0,493.0,1.0,True
0xa0823a43a0058e7e1e4613017c4aceeaaf98c725,bytecode_3,1,1749.0,1469.0,280.0,1.0,True
0xa0d031c090974d2bdb0ffc22124f08532e1dc768,bytecode_5,1,3911.0,3508.0,403.0,1.0,False
0xa0f17fb833a7a4d92c90c1908a5c9efd7175a4e0,bytecode_4,1,3380.0,3173.0,207.0,0.0,0
0xa2562cd0d8620dc2bec07872ecaadd4b6fbdc02f,bytecode_4,1,443.0,172.0,271.0,1.0,True
0xa354eb47a5824d6abb2422344852c009b7bd822a,bytecode_3,1,3730.0,3516.0,214.0,1.0,True
0xa3ea961ea44bafa061fe7b2ece819d2a8ceb69b2,bytecode_4,1,3962.0,3737.0,225.0,0.0,0
0xa4b373c22477e95c33de40bb6cf600b063279e5c,bytecode_4,1,2534.0,2389.0,145.0,0.0,0
0xa52c8371d379d7036a862673b08bd73faf4660fd,bytecode_1,1,6839.0,6368.0,471.0,1.0,False
0xa6239853ff98b88367f6fcb003790654395d322d,bytecode_3,1,407.0,201.0,206.0,1.0,True
0xa63a04cf9c087ea74f713d43f2d5a067d7ec7b5f,bytecode_4,1,3158.0,3036.0,122.0,0.0,0
0xa63c2427e3d77d207027be63daa21efb7112bc34,bytecode_4,1,1205.0,877.0,328.0,1.0,False
0xa674dce2a28251af521656219cb7ce71d0846642,bytecode_4,1,5290.0,5195.0,95.0,0.0,0
0xa67f436597852efa3967be824abff57f72c2f6d9,bytecode_3,1,1630.0,1383.0,247.0,1.0,False
0xa6b9fd81d11122d150ffcc33fae17236a8342816,bytecode_4,1,2902.0,2603.0,299.0,1.0,False
0xa6c76471cc89cff4e65cc1fc36613f3c31e4d0d1,bytecode_4,1,842.0,629.0,213.0,0.0,0
0xa6d93468c1f16f2e1009ec321251f0b3147117b3,bytecode_2,1,469.0,244.0,225.0,1.0,False
0xa6ff5301cf8019001e4f56a68d4464235067d59c,bytecode_1,1,382.0,102.0,280.0,1.0,True
0xa77cf14e0bda66f94873498ed15e1eaf183d2fd0,bytecode_4,1,3307.0,3221.0,86.0,0.0,0
0xa796d1d9a97bcab5abab9329b8f020746e0a0bdb,bytecode_5,1,3463.0,3091.0,372.0,1.0,False
0xa7f598984f6a77da416efaaf6ff18f5f7b9eeab2,bytecode_4,1,1503.0,1282.0,221.0,0.0,0
0xa85b55495a6c7fe7d41dd2494d42be2622ee20da,bytecode_5,1,1610.0,1395.0,215.0,1.0,False
0xa8df33a40fe2e3278e4d94a974f70778043fbd20,bytecode_4,1,2508.0,2435.0,73.0,0.0,0
0xa8e35a8667b88e73e17cd1337b17f04167234e41,bytecode_2,1,3127.0,2888.0,239.0,1.0,True
0xa96450d3386ece22db20b0ac96ef5684b6d95d53,bytecode_4,1,3354.0,3166.0,188.0,0.0,0
0xa965fb4db32d8600edcd5cc102a43e798bc3f08f,bytecode_1,1,2329.0,2064.0,265.0,1.0,True
0xa97ff44cff7101fac76af172f088f400f28cb4e9,bytecode_4,1,4626.0,4358.0,268.0,0.0,0
0xa9ab8efd9b3ea455d0b3e80773c0dd78bc258160,bytecode_4,1,1763.0,1623.0,140.0,0.0,0
0xaa1ac1c849df066704f76b190af24724f6fa247c,bytecode_4,1,3542.0,3229.0,313.0,1.0,False
0xaa30f96f7576fdb195142b3d8efcf7cf712e1591,bytecode_1,1,2714.0,2472.0,242.0,1.0,True
0xaa39e9e8e3b45f163434f7ead8ddd846877619df,bytecode_4,1,3176.0,3085.0,91.0,0.0,0
0xaa7427d8f17d87a28f5e1ba3adbb270badbe1011,bytecode_2,1,3523.0,3138.0,385.0,1.0,False
0xaaca0e4d849169d9e707a43621f190ef87d3fe4b,bytecode_4,1,1712.0,1554.0,158.0,0.0,0
0xaad05381e621226e2951b3256d7aca6912cbda6a,bytecode_3,1,3790.0,3497.0,293.0,1.0,False
0xab52dd1376b8857e981556d14f3b914a68dc2bd8,bytecode_3,1,1379.0,1161.0,218.0,1.0,True
0xabe13c70ea6b82348dc1c2f71db014cbd7befc0b,bytecode_1,1,859.0,463.0,396.0,1.0,False
0xac0007d373df6ee6f0df62e85084d5af4db3740f,bytecode_4,1,2927.0,2741.0,186.0,0.0,0
0xac0a3337e7d50da5c35bee633803cf904e2e71f5,bytecode_4,1,2486.0,2295.0,191.0,0.0,0
0xac0ef38712138479ed76e0184937b753239dab03,bytecode_3,1,1451.0,1228.0,223.0,1.0,True
0xac83edfd549ca5eaf55b21fe936dd9529403152a,bytecode_1,1,689.0,481.0,208.0,1.0,False
0xac935d89f390c700e69230b369cb83e7eb0ea3d2,bytecode_4,1,1730.0,1322.0,408.0,1.0,False
0xace02b9be2e12d65c03bf1a4c3cb3c96d99446b3,bytecode_2,1,2360.0,1850.0,510.0,1.0,False
0xacf999bfa9347e8ebe6816ed30bf44b127233177,bytecode_4,1,4945.0,4670.0,275.0,1.0,True
0xad078f05b048ca1a5025d1943cce35da6bf42aa4,bytecode_4,1,1724.0,1544.0,180.0,0.0,0
0xad0a61589f3559026f00888027beac31a5ac4625,bytecode_3,1,3850.0,3557.0,293.0,1.0,True
0xaec7e8c221c3fd24e75c996e32289235fd899ebf,bytecode_4,1,1013.0,691.0,322.0,1.0,True
0xafb7ae966a9a7801beace4a7d5bbee91d860f616,bytecode_2,1,2378.0,2030.0,348.0,1.0,False
0xafeb70ae58052456772f0d5e7a42e13fcd2a429e,bytecode_4,1,5520.0,5299.0,221.0,0.0,0
0xb012e882c82ef3ca0ce526f2374887b4429a7228,bytecode_4,1,6708.0,6513.0,195.0,1.0,True
0xb016eb4bc7146cfea3af2269b4da1a0e7e85745b,bytecode_1,1,6708.0,6208.0,500.0,1.0,False
0xb078c6c920bd68d3cdc9ab9e544b5bf0f45ead4e,bytecode_5,1,5340.0,5069.0,271.0,1.0,False
0xb0bef286a13457b963c710fa7765961d09a27c63,bytecode_1,1,4324.0,4025.0,299.0,1.0,True
0xb0fa64ed5b2a4f730fa79b9fe3ac4e2c0c2100a0,bytecode_4,1,6658.0,6476.0,182.0,0.0,0
0xb104df39250112eda59b27f5db7013c7ee132d50,bytecode_2,1,7140.0,6787.0,353.0,1.0,False
0xb186afcd36a6403ec957f5c74482aaac13b87eae,bytecode_4,1,2436.0,2224.0,212.0,0.0,0
0xb1d9f149e833510a3af3ab54dc1568ad11244bf7,bytecode_3,1,4039.0,3659.0,380.0,1.0,False
0xb222e54b336bf4834953eac0a5bd0c1aae2079e9,bytecode_4,1,1363.0,1019.0,344.0,1.0,False
0xb24c5478f747864704b958dfdd6b9b10304ce469,bytecode_3,1,3222.0,3034.0,188.0,1.0,True
0xb27c8aa885cf8a16a864f593951067d754494672,bytecode_4,1,2133.0,1967.0,166.0,0.0,0
0xb2d5468cf99176da50f91e46b2c06b7bdb9d2656,bytecode_3,1,4165.0,3754.0,411.0,1.0,False
0xb2f6ebe8e606e7b18c78b19a3c5969618fa599da,bytecode_5,1,2429.0,2161.0,268.0,1.0,False
0xb3b33f59174f2ef62167770e4c9cabaa3879eb5d,bytecode_4,1,5453.0,5263.0,190.0,0.0,0
0xb3d5b5cea80ac61083ec9948b4b507a0f22df71a,bytecode_3,1,4006.0,3639.0,367.0,1.0,False
0xb41ae4f3a164145629602468ecffcf0eb59e559c,bytecode_1,1,1316.0,963.0,353.0,1.0,False
0xb43c6dce7837eb67c058ed7bfa06a850b2a15b06,bytecode_5,1,3761.0,3324.0,437.0,1.0,False
0xb44d36a18b18015c546f5efa37bb1e3db5f24063,bytecode_4,1,3230.0,3117.0,113.0,0.0,0
0xb45d7bc4cebcab98ad09babdf8c818b2292b672c,bytecode_4,1,3829.0,3340.0,489.0,1.0,False
0xb47b1ea3a294df2502a54ccdc1bbe49d71fc8a10,bytecode_4,1,4181.0,3965.0,216.0,0.0,0
0xb48b7e5bf6563b3e0a85055821a83deb8cfc12f6,bytecode_1,1,2450.0,2204.0,246.0,1.0,False
0xb58b3e52a3550e0bdcfe00b1918a760bb7c0f33c,bytecode_4,1,7609.0,7385.0,224.0,0.0,0
0xb59a226a2b8a2f2b0512baa35cc348b6b213b671,bytecode_3,1,4294.0,3998.0,296.0,1.0,False
0xb5adb233f28c86cef693451b67e1f2d41da97d21,bytecode_4,1,5737.0,5586.0,151.0,0.0,0
0xb5c33f965c8899d255c34cdd2a3efa8abcbb3dea,bytecode_4,1,3337.0,2815.0,522.0,1.0,False
0xb5f29f36e9006f3e7245b5daf7bcdc9fa1daead5,bytecode_3,1,1215.0,705.0,510.0,1.0,False
0xb6047bac4096b79a53d5ad7bb1982c5b1347aa48,bytecode_2,1,7181.0,6915.0,266.0,1.0,False
0xb60aeb53a7d634d94c3c10bca3aa04b02a938db9,bytecode_4,1,2612.0,2427.0,185.0,0.0,0
0xb6271db6393d2e78954574bca69a250b29a26de0,bytecode_3,1,2692.0,2331.0,361.0,1.0,False
0xb640fc5ada87b4b53054b1a303ba0ad50a97e491,bytecode_2,1,3767.0,3401.0,366.0,1.0,False
0xb65e16b44a80c9c44addd56a5014cba2814a82d1,bytecode_4,1,3455.0,3189.0,266.0,1.0,True
0xb6a5f50b5ce5909a9c75ce27fec96e5de393af61,bytecode_4,1,861.0,662.0,199.0,0.0,0
0xb6d699699ccc50548c1916b02afff6e5a7bc4117,bytecode_2,1,3485.0,3182.0,303.0,1.0,True
0xb746aed479f18287dc8fc202fe06f25f1a0a60ae,bytecode_4,1,6097.0,5793.0,304.0,1.0,False
0xb79caa46a27eb023f596ab9f1503cdc0e82c3bfe,bytecode_5,1,2002.0,1790.0,212.0,1.0,False
0xb79fc5505ea4f3b920ee7e3349de064226692717,bytecode_5,1,2936.0,2119.0,817.0,1.0,False
0xb83c1fd4b74d3e4e85cf0331443e5a167ededda7,bytecode_4,1,2187.0,1879.0,308.0,1.0,False
0xb8c77482e45f1f44de1745f52c74426c631bdd52,bytecode_4,1,3449.0,3248.0,201.0,0.0,0
0xb8d66804440c6e21376ce23e6eaa76843a45401a,bytecode_3,1,3372.0,3140.0,232.0,1.0,True
0xb90e444ee4ac565e1dd402498b6309c32e113b6a,bytecode_2,1,1539.0,1304.0,235.0,1.0,False
0xb91824d10079a44864a9bec11b4ae022d7732e05,bytecode_1,1,2305.0,1860.0,445.0,1.0,False
0xb9255262a3b7a9e9d8372ed87a0979c3324e7820,bytecode_4,1,3620.0,3448.0,172.0,0.0,0
0xb92c5f4f3a13bb14467fe0c25a4c569aa20e1df8,bytecode_5,1,5525.0,5347.0,178.0,1.0,True
0xb92d13833f9044eb0c14893a4bb4cb009c209beb,bytecode_4,1,1164.0,933.0,231.0,0.0,0
0xb95feead4a52137202456dc6a304f617e52bfc63,bytecode_5,1,1409.0,1206.0,203.0,1.0,False
0xb9dad061b4ada5825abc2c9914e89181c0cdc56c,bytecode_2,1,3883.0,3691.0,192.0,1.0,True
0xb9ff6fdd1e308d49cd78155e06c19c2be894a18c,bytecode_4,1,2451.0,2230.0,221.0,0.0,0
0xba1ecd051ab31d45f86bb2d7cd093715341c35a6,bytecode_3,1,2765.0,2536.0,229.0,1.0,True
0xba2403b8ec4f310017a887421c0227a529b04ad5,bytecode_4,1,622.0,472.0,150.0,0.0,0
0xba8c0244fbdeb10f19f6738750daeedf7a5081eb,bytecode_1,1,3527.0,3307.0,220.0,1.0,False
0xba92a78ffa23012002f9df25ff25b406287c61e5,bytecode_2,1,5050.0,4765.0,285.0,1.0,False
0xbab0ff84ab144b8d54e32a468ec7446f5b0b9d12,bytecode_3,1,2602.0,2325.0,277.0,1.0,True
0xbab5d1356e941757ed2b71c55650ff2b8888215f,bytecode_2,1,978.0,718.0,260.0,1.0,True
0xbacc18ea3972432f4c5d7f80de015d5d50c1cd8e,bytecode_1,1,1280.0,1078.0,202.0,1.0,True
0xbb0292ddd8101517640224c40edb67233ae72dd6,bytecode_4,1,5332.0,5181.0,151.0,0.0,0
0xbb27cdd72fc42a538727f29f23d47972b8dfa405,bytecode_2,1,1750.0,1216.0,534.0,1.0,False
0xbb91f46a756af34bb987cc9bb5501de726f0d0ad,bytecode_1,1,1716.0,1449.0,267.0,1.0,True
0xbba2e3845b3407dc3b3a5b2eeb90a9a203068b6d,bytecode_2,1,1325.0,983.0,342.0,1.0,False
0xbbe28d0611b109f0f287bc662baf05ec0eb654c5,bytecode_4,1,2191.0,1907.0,284.0,1.0,True
0xbc05889af534ea29e333fe5fa9bc9b4767ca7653,bytecode_4,1,5117.0,4754.0,363.0,1.0,False
0xbc425c4209bd4c3f1fc9686371513f13f72cc70a,bytecode_3,1,4711.0,4270.0,441.0,1.0,False
0xbc8a649c8b3b739b6ea22bb48e1b051b63157eda,bytecode_3,1,3583.0,3152.0,431.0,1.0,False
0xbc9363b59cd73f59102ad6a45494f274d311c0c0,bytecode_1,1,4383.0,4211.0,172.0,1.0,False
0xbce0a909fc03f4fa0d5fb38e6cd13f674cfbad31,bytecode_5,1,2979.0,2586.0,393.0,1.0,False
0xbce1c669212a25ba841a7dc70376be28f5df5148,bytecode_4,1,834.0,506.0,328.0,1.0,True
0xbd08c2be35c1aca9a6d45f53e2d1856090c9d8ff,bytecode_4,1,6287.0,5990.0,297.0,0.0,0
0xbd2a43799b83d9d0ff56b85d4c140bce3d1d1c6c,bytecode_4,1,7012.0,6655.0,357.0,1.0,False
0xbd2bd1bd6396e69112d1f51cbaa57842cd1586c4,bytecode_5,1,1829.0,1538.0,291.0,1.0,False
0xbd65f6f9f9f87af2a677709e132debc3f242671d,bytecode_5,1,4756.0,4428.0,328.0,1.0,False
0xbd8d34701a8613100164b81a7e4e1e9cc0c13736,bytecode_5,1,4427.0,4138.0,289.0,1.0,False
0xbec4a69d6a5fbcb2303c13d24ea1a51a6f19bd12,bytecode_3,1,4517.0,3942.0,575.0,1.0,False
0xbee149d5cef48724918836c48f2749a5c5f75f8c,bytecode_4,1,1372.0,1095.0,277.0,0.0,0
0xbeeb655808e3bdb83b6998f09dfe1e0f2c66a9be,bytecode_2,1,9951.0,9576.0,375.0,1.0,True
0xbf001adcb04089dddedcab714f3b4d34ee6d56dc,bytecode_4,1,4327.0,4040.0,287.0,1.0,False
0xbf64a825e602a4f1c31480a470e99e1d896c88a7,bytecode_4,1,5142.0,4732.0,410.0,1.0,False
0xbf84099034ddc98ad1703f5df028749cd29c2efd,bytecode_4,1,2215.0,2029.0,186.0,0.0,0
0xc00f7746c5c3ce7616d0aa35607658e547306dc0,bytecode_3,1,5127.0,4918.0,209.0,1.0,False
0xc02aaa39b223fe8d0a0e5c4f27ead9083c756cc2,bytecode_4,1,2228.0,2030.0,198.0,0.0,0
0xc0506ceb264b057182a4c3ab8a0b910a545479f0,bytecode_1,1,5516.0,5214.0,302.0,1.0,False
0xc0600f39a89b96c6c4341ce59ca22e478e327713,bytecode_3,1,1477.0,1131.0,346.0,1.0,False
0xc0829421c1d260bd3cb3e0f06cfe2d52db2ce315,bytecode_4,1,3247.0,3112.0,135.0,0.0,0
0xc0950ee7568e1ab93c6784ddcaa9b590239eeec9,bytecode_4,1,5029.0,4491.0,538.0,1.0,False
0xc0c2f918b7d98660506808b0e4972061906ff207,bytecode_4,1,3432.0,3192.0,240.0,1.0,True
0xc1086fa97549cea7acf7c2a7fa7820fd06f3e440,bytecode_1,1,2168.0,1867.0,301.0,1.0,False
0xc10c72d632cb8b5ef37603623ee86f47c3ff9f0f,bytecode_4,1,6856.0,6474.0,382.0,1.0,False
0xc213539cb2fda6940507f50f40060f5cbbe38e00,bytecode_4,1,6323.0,5817.0,506.0,1.0,False
0xc22b670c4ab672a38f4c5b59d1332020afb78c98,bytecode_3,1,2309.0,2054.0,255.0,1.0,True
0xc23531c3987370647423f58699287dcc15670797,bytecode_4,1,2571.0,2296.0,275.0,1.0,False
0xc249fe0288e75e47e62b138de8d020c9fee5a9f5,bytecode_4,1,1842.0,1758.0,84.0,0.0,0
0xc29021a71f3a6c3fd9f361035d748b5f7912f55e,bytecode_4,1,3205.0,3024.0,181.0,0.0,0
0xc2d4f0e0891f1f72d95c320e0571e005e297aefa,bytecode_2,1,884.0,680.0,204.0,1.0,True
0xc2d890f9ee41d84aeefeae0886bccddc12a6a394,bytecode_1,1,4866.0,4582.0,284.0,1.0,False
0xc33d0345d1c0320577f9aed42a51bec6e6cc13b6,bytecode_4,1,4761.0,4504.0,257.0,0.0,0
0xc36fe594db560bfde1bdf5d6b40a7a775d702a1c,bytecode_3,1,2184.0,1956.0,228.0,1.0,False
0xc38da2f95a183a5abe1ac3e9fc2fdce8a4a1a045,bytecode_1,1,1538.0,1216.0,322.0,1.0,False
0xc3af01b683521e0206dc167ac4bd8acc8fa2b424,bytecode_4,1,1720.0,1546.0,174.0,0.0,0
0xc4c3a9a5c3b4c6a61185f4245aafda9f023b678d,bytecode_3,1,1129.0,749.0,380.0,1.0,False
0xc56b13ebbcffa67cfb7979b900b736b3fb480d78,bytecode_4,1,4033.0,3907.0,126.0,0.0,0
0xc582a48c09aa74fe1fd483066eeb230d54dfde6e,bytecode_4,1,1187.0,1023.0,164.0,0.0,0
0xc5f5d88c6d39828cdb5e1150a13125e98b26b65e,bytecode_4,1,4649.0,4425.0,224.0,0.0,0
0xc5fd320ef9b3047872dd089f6b4c026cc8c5b617,bytecode_1,1,4968.0,4765.0,203.0,1.0,True
0xc6038f9ff35a3f2b00f9747b483bced7b024015e,bytecode_1,1,1753.0,1552.0,201.0,1.0,True
0xc6145077cf7f783f4fc3ea0b89146784bca05dba,bytecode_4,1,470.0,247.0,223.0,1.0,True
0xc62430fabb551ac60efef9bbdc8ed9721b1ae674,bytecode_1,1,800.0,494.0,306.0,1.0,False
0xc656122eea83fcb49d546eaac18d5785c6681a0b,bytecode_2,1,2829.0,2594.0,235.0,1.0,True
0xc668652d40e2b236969a9c2d28f4b23ed23da077,bytecode_3,1,426.0,205.0,221.0,1.0,False
0xc699d90671cb8373f21060592d41a7c92280adc4,bytecode_1,1,2819.0,2557.0,262.0,1.0,True
0xc6e5e9c6f4f3d1667df6086e91637cc7c64a13eb,bytecode_4,1,5838.0,5651.0,187.0,0.0,0
0xc7f1c3500496771b2ef4e17ad10624131ade5cd9,bytecode_1,1,7054.0,6851.0,203.0,1.0,True
0xc81774fd1b51bc7e26b2bad562dcdb0a2cbebaf2,bytecode_4,1,4450.0,4074.0,376.0,1.0,False
0xc83355ef25a104938275b46cffd94bf9917d0691,bytecode_4,1,5352.0,5047.0,305.0,1.0,False
0xc8a60c51967f4022bf9424c337e9c6f0bd220e1c,bytecode_4,1,586.0,371.0,215.0,1.0,False
0xc90044e0c8ff4142d2b39d4eb9ef17c3e3dc50d7,bytecode_4,1,5184.0,4840.0,344.0,1.0,False
0xc9010d9ae0f893d176ed1901868cf0b9e6e47763,bytecode_5,1,821.0,555.0,266.0,1.0,False
0xc95675132d5b0399b2c92aee6d195456f44d3881,bytecode_5,1,1911.0,1645.0,266.0,1.0,False
0xc95dc5c354f21bc76d8e88ed21ee8d7dddb859d5,bytecode_4,1,1401.0,1112.0,289.0,1.0,True
0xc9c615db4a6e074b85bf5454e23605df61c86ef2,bytecode_3,1,3392.0,3008.0,384.0,1.0,False
0xc9ff899e3cc9a16a09907335297fcfbe774bd8b0,bytecode_4,1,5900.0,5404.0,496.0,1.0,False
0xca346d7550ad8796b757a9a9f00616d56474dd81,bytecode_4,1,3545.0,3287.0,258.0,0.0,0
0xcabee6c73250495fc7da131ee93b819be294f6e0,bytecode_4,1,2086.0,1980.0,106.0,0.0,0
0xcba46f2c1d9b3f3b1d2b7f9660af7d48984e4e46,bytecode_2,1,3004.0,2717.0,287.0,1.0,False
0xcba6f10d1147b2c5a3d8d8cbd93c373b31c6c2c8,bytecode_4,1,5568.0,5341.0,227.0,1.0,True
0xcbe7ab529a147149b1cf982c3a169f728bc0c3ca,bytecode_3,1,4224.0,3811.0,413.0,1.0,False
0xcbe98a2b1f756bebe53d41eb3b94e566a0777ede,bytecode_2,1,2062.0,1824.0,238.0,1.0,True
0xcc1229e33a4d5f011ce9bf7ab605a8a6264bd01d,bytecode_5,1,884.0,637.0,247.0,1.0,False
0xcc1320a48c76385e17e4e1c759ce8ea1d11687c2,bytecode_5,1,2128.0,1728.0,400.0,1.0,False
0xcc3935479af6703a287d84daaebc18c6b2322a55,bytecode_4,1,3044.0,2922.0,122.0,0.0,0
0xcc89405e3cfd38412093840a3ac2f851dd395dfb,bytecode_3,1,2481.0,2220.0,261.0,1.0,False
0xcd0752c608e7285a250452f24d64c556411febe2,bytecode_4,1,4289.0,3966.0,323.0,1.0,True
0xcd0e26d289d5f08d74c4feff4192cb394f82a738,bytecode_4,1,3413.0,3156.0,257.0,1.0,True
0xcd19a08b139a4cc47bae0d9de41241f5056988c7,bytecode_4,1,2469.0,2306.0,163.0,1.0,True
0xcd582662a13d89eb9a8a458e452ae691be379c14,bytecode_5,1,4846.0,4535.0,311.0,1.0,False
0xcd619ad647357868dd5987b0ce4886bf61cfac32,bytecode_3,1,3423.0,3127.0,296.0,1.0,False
0xcdf7cfc9f7c129a0d7aec376bc205ab87fc878e1,bytecode_5,1,7133.0,6858.0,275.0,1.0,False
0xce2026da687ee19743fa96cbe61ef360907a7a23,bytecode_1,1,3464.0,3247.0,217.0,1.0,True
0xce26ead209ba9c7bf9f80312555834d81bf11a08,bytecode_1,1,3550.0,3295.0,255.0,1.0,True
0xce2ac722f8b9349a0bdcbe9ee9f9d877c8cfa7a0,bytecode_4,1,3551.0,3411.0,140.0,0.0,0
0xce9ed0b322a1420da4b6990e3047796f57471336,bytecode_5,1,1866.0,1488.0,378.0,1.0,False
0xcea306d62ba8984594389cbd4a545ec6ed0d6e6a,bytecode_4,1,2533.0,2278.0,255.0,1.0,False
0xcf5d889e2336d0f35f6121718f6c25e0650d4b25,bytecode_4,1,8249.0,8073.0,176.0,0.0,0
0xd048f660a49b668aac03a414189fd43d47955da2,bytecode_4,1,4192.0,4042.0,150.0,0.0,0
0xd05d4a9b35ecc0bb1a88ce8638dfe5cfccecbd2b,bytecode_4,1,2118.0,1888.0,230.0,1.0,False
0xd09022c9c5f89aaf479336d05dc780d7abbbfb98,bytecode_4,1,2234.0,2062.0,172.0,0.0,0
0xd0955bd45d5eef5bedce84a3471c825288a14b01,bytecode_4,1,3213.0,3022.0,191.0,0.0,0
0xd0d50ae97443aa9615d87129feb9681417e92f41,bytecode_4,1,1087.0,956.0,131.0,0.0,0
0xd0faa64b3de3ceca7ddf5d47cc2a13b1f208cb01,bytecode_4,1,2844.0,2671.0,173.0,0.0,0
0xd11ffbea1ce043a8d8dddb85f258b1b164af3da4,bytecode_4,1,2514.0,2418.0,96.0,0.0,0
0xd17030a5f165543178e4b1dce1f7bfaa5965cf79,bytecode_1,1,4800.0,3948.0,852.0,1.0,False
0xd20ae1b3c922b4e8ae9eb6e3f4302e71b8c12970,bytecode_4,1,1362.0,1077.0,285.0,1.0,True
0xd20d1e07f238f049f21801cff6e9db213f05ffbf,bytecode_4,1,1685.0,1478.0,207.0,0.0,0
0xd22769058252671fe7a12509c25c324f1bc1a590,bytecode_3,1,7139.0,6858.0,281.0,1.0,False
0xd2ffba15019bb9089987eecf25c72cee04bc4eaf,bytecode_2,1,3376.0,2886.0,490.0,1.0,False
0xd389c08bb987dd7daeb31f51fce1b5b73710b38e,bytecode_4,1,4352.0,4188.0,164.0,0.0,0
0xd433138d12beb9929ff6fd583dc83663eea6aaa5,bytecode_4,1,3728.0,3510.0,218.0,1.0,False
0xd46ddc98c63f9705ca6689e7036dc3ce981fb335,bytecode_4,1,7183.0,6845.0,338.0,1.0,False
0xd494938d0524edadfc239adc2c233e50550fa152,bytecode_4,1,7304.0,7041.0,263.0,0.0,0
0xd51ef370830dd8a04a6131f1e4b7b9ee2b8dbd26,bytecode_3,1,4404.0,4117.0,287.0,1.0,False
0xd5524179cb7ae012f5b642c1d6d700bbaa76b96b,bytecode_1,1,768.0,507.0,261.0,1.0,False
0xd5683d293bad2019fc678a6e6347c1b8556d3a85,bytecode_3,1,2870.0,2528.0,342.0,1.0,False
0xd56a61ad1b16f1f0326785902593c7adbf733e34,bytecode_5,1,3380.0,3165.0,215.0,1.0,True
0xd5ae5111eb0e8b9a13260f52521a4b6fa0880fec,bytecode_4,1,3360.0,3205.0,155.0,0.0,0
0xd5f49a4bec5c1fcdefb2e46e60fc859fdbd05007,bytecode_4,1,1558.0,1443.0,115.0,0.0,0
0xd6ad7a6750a7593e092a9b218d66c0a814a3436e,bytecode_3,1,18371.0,18149.0,222.0,1.0,False
0xd754ee6a9e8964602f48e11971e79d0b2f6452d5,bytecode_2,1,975.0,625.0,350.0,1.0,False
0xd76b5c2a23ef78368d8e34288b5b65d616b746ae,bytecode_4,1,3130.0,2989.0,141.0,0.0,0
0xd7c6d542f3dcdceda845112b8fd567b8f8655805,bytecode_4,1,809.0,689.0,120.0,0.0,0
0xd85ef372ce7a6433bb9d273f72f1bce44aec27d3,bytecode_4,1,3604.0,3318.0,286.0,1.0,False
0xd8a63f007400d994a78fe2482e04c0ff5e3a4897,bytecode_4,1,10039.0,9865.0,174.0,0.0,0
0xd8d48e52f39ab2d169c8b562c53589e6c71ac4d3,bytecode_5,1,6005.0,5704.0,301.0,1.0,False
0xd8f1c224002ce1782a3100793fb1ddc102f4723f,bytecode_3,1,1405.0,1204.0,201.0,1.0,True
0xd95e7d16000cbeb66acbf70b4a843d4346ff4555,bytecode_1,1,8491.0,8195.0,296.0,1.0,True
0xd986ff72c4ab509fd50b405d85e32dc68e655eb7,bytecode_2,1,11964.0,11786.0,178.0,1.0,True
0xd9d09ab4b1d155dc17a3f919ba003f4cf491e222,bytecode_4,1,1864.0,1608.0,256.0,0.0,0
0xda1000f6e6f19e86ef30dc8f3709291615e0bfb2,bytecode_4,1,2563.0,2349.0,214.0,0.0,0
0xda168fc45d9ea9a47c888894d5fd5be7e88779ba,bytecode_1,1,7081.0,6754.0,327.0,1.0,False
0xdaa42065346b0b88327c2d2074bb80d8c2ad9c6f,bytecode_3,1,3880.0,3656.0,224.0,1.0,True
0xdac7413b79394542cabbdef9d71e89d48862825d,bytecode_4,1,2905.0,2665.0,240.0,0.0,0
0xdb20ff5f9ea23e77fc8921e696ac9a33992e3107,bytecode_4,1,2970.0,2638.0,332.0,1.0,False
0xdb4858c8935759211424a23f9485607839920396,bytecode_5,1,2581.0,2354.0,227.0,1.0,True
0xdbb885c8b2b2aeb3dc6b4348d5af20bf5d9db50d,bytecode_4,1,2097.0,1638.0,459.0,1.0,False
0xdc0a2185031ecf89f091a39c63c2857a7d5c301a,bytecode_4,1,2804.0,2642.0,162.0,0.0,0
0xdc18b6bee2cc3b77924ac828f28bfdda542d90e8,bytecode_1,1,5526.0,5251.0,275.0,1.0,True
0xdc30a5baf62f3ce8d7e74a272bc139fbb7a0cab4,bytecode_2,1,4862.0,4425.0,437.0,1.0,False
0xdc5c87ba250b65a83042333f1101940b74312a65,bytecode_3,1,993.0,665.0,328.0,1.0,False
0xdc8adca00787b665abbaacaef37c8bb629ebaa8f,bytecode_5,1,1643.0,1382.0,261.0,1.0,False
0xdcdede29a2b83176ab478dc0f9b08b7c01ac5f58,bytecode_4,1,1970.0,1824.0,146.0,0.0,0
0xdcfbe1f893640f018065fdb820eb68b501f8ec2d,bytecode_1,1,14413.0,14183.0,230.0,1.0,True
0xddd460bbd9f79847ea08681563e8a9696867210c,bytecode_4,1,3346.0,3027.0,319.0,1.0,True
0xde251c7778eb259b449885f63d6cae090e15601a,bytecode_3,1,3117.0,2816.0,301.0,1.0,False
0xdeca2e1b82e81ededdb32f3e17f5522452e2d5a8,bytecode_4,1,2861.0,2628.0,233.0,0.0,0
0xdf18880a02c7f3eb4f40fdf515fce31c1cb7ef66,bytecode_4,1,7297.0,7036.0,261.0,1.0,False
0xdf482745749ad7057f4ebe246975ff2f2ddeef78,bytecode_4,1,2879.0,2697.0,182.0,0.0,0
0xdf49c9f599a0a9049d97cff34d0c30e468987389,bytecode_4,1,2633.0,2217.0,416.0,1.0,False
0xdf59f9b549305724b1fa868cb9d0898721404c1f,bytecode_1,1,3623.0,3092.0,531.0,1.0,False
0xdfbd6a960a55bcfcf59d5925351e05a51498bcef,bytecode_3,1,2355.0,2042.0,313.0,1.0,True
0xdfd8e9fda3ac12884e35eaea35d763517bb79176,bytecode_3,1,2468.0,2179.0,289.0,1.0,False
0xe01e2a3ceafa8233021fc759e5a69863558326b6,bytecode_4,1,5000.0,4751.0,249.0,0.0,0
0xe0c0f5ce4e746eaa048ae5db5c61b6b1ef3b56ed,bytecode_4,1,3316.0,3203.0,113.0,0.0,0
0xe0d19ef19dcdc87d0f5418e5ffc69cd022b98cbd,bytecode_4,1,4534.0,4330.0,204.0,1.0,False
0xe10339af2c2b22706ea5d4cbb713a49d4b7ab2fc,bytecode_3,1,1540.0,1236.0,304.0,1.0,False
0xe117bb9d1e0fc6e859d9bf174c53baa7c673547a,bytecode_2,1,6177.0,5969.0,208.0,1.0,False
0xe154561093f7eeaf698bf77f324b4c0483102c9d,bytecode_4,1,4439.0,4212.0,227.0,1.0,True
0xe1746aa4c9489acabab5e5fcfe154a8cd8f40edf,bytecode_3,1,5992.0,5753.0,239.0,1.0,False
0xe1754d039c839192ee193d5cf8406fb24fcb421f,bytecode_4,1,4511.0,4347.0,164.0,0.0,0
0xe1a63c13c90996c4bb43cb235a2590e4f7c58131,bytecode_2,1,3793.0,3418.0,375.0,1.0,False
0xe1f008f468eac1590f5a759ebecbc5c40822bf76,bytecode_1,1,4613.0,4172.0,441.0,1.0,True
0xe1f5c6fd86628e299955a84f44e2dfca47aaaaa4,bytecode_4,1,1985.0,1715.0,270.0,1.0,True
0xe20a3aa6b1ef8eb0eab44bfa9503f09635a5ac50,bytecode_4,1,1312.0,1144.0,168.0,0.0,0
0xe2ca8e9eea579da2276be4267320fd9069645431,bytecode_4,1,2433.0,2256.0,177.0,0.0,0
0xe2d7989f2d13f08515a3a3b6a02dee2f583c9fc5,bytecode_4,1,3738.0,3481.0,257.0,1.0,False
0xe33417797d6b8aec9171d0d6516e88002fbe23e7,bytecode_2,1,4428.0,4138.0,290.0,1.0,False
0xe34e0c5c075e380161ce08ba69dc7960e041d10b,bytecode_4,1,9222.0,9155.0,67.0,0.0,0
0xe35a91f2acceccf1ce6bae792274da6100b639af,bytecode_4,1,4500.0,4431.0,69.0,0.0,0
0xe3c8ff66d14341a35bcf6302047b92c6bc49824d,bytecode_3,1,11934.0,11737.0,197.0,1.0,False
0xe3e22e1f5889f507dd1d859b8ef6cb0a84a902a8,bytecode_4,1,1927.0,1777.0,150.0,0.0,0
0xe44061f043682ff77c1d51d4e0f93ab2bb5b2ae0,bytecode_5,1,4151.0,3944.0,207.0,1.0,True
0xe4732499b9c18d2828ced5470e75d70a3b2b2792,bytecode_4,1,3684.0,3619.0,65.0,0.0,0
0xe4a3192659bfe56c740b0ed64570a4156cf2bcb3,bytecode_5,1,6356.0,6086.0,270.0,1.0,False
0xe4e28bfd45969218a2af311ee10e80846f7b2fdc,bytecode_4,1,2461.0,2308.0,153.0,0.0,0
0xe4f32056ea2dc706dbc4ff6a61f7e87583cd4ec9,bytecode_2,1,8035.0,7840.0,195.0,1.0,False
0xe52bd9bcfa0c9513a5f9bbfdfa6debab9606da10,bytecode_3,1,802.0,511.0,291.0,1.0,False
0xe5374b3840f0782608f86e270ae389b8ee2024c4,bytecode_5,1,3443.0,3089.0,354.0,1.0,False
0xe56b4d8d42b1c9ea7dda8a6950e3699755943de7,bytecode_5,1,4163.0,3851.0,312.0,1.0,False
0xe5f7379718cf3e84385c09f3927237874ec0b4bc,bytecode_2,1,3723.0,3092.0,631.0,1.0,False
0xe601813fc7bbf78bf71e807a1c06697280f5659f,bytecode_2,1,4558.0,4278.0,280.0,1.0,True
0xe60f0c6aad0b02f62e078bb0d2c31a440ac8e7d0,bytecode_3,1,672.0,409.0,263.0,1.0,False
0xe64aa1e4301d85ecaccfc15e4af887a1fe6f5f56,bytecode_4,1,1960.0,1756.0,204.0,0.0,0
0xe77f30e108543372f405d2c0f95029c97a8622ad,bytecode_2,1,5705.0,5125.0,580.0,1.0,False
0xe7d7b37e72510309db27c460378f957b1b04bd5d,bytecode_5,1,6119.0,5427.0,692.0,1.0,False
0xe7d84cbee9b2234e53bde7ea093e7d1e198ca46a,bytecode_4,1,4291.0,4132.0,159.0,0.0,0
0xe813699e804d04e1212b2a2bb5a738f3254e5584,bytecode_4,1,995.0,758.0,237.0,1.0,False
0xe84a69675d316a639203b527919504b33e8d6f20,bytecode_4,1,1349.0,1126.0,223.0,1.0,True
0xe8647880a6f9e4b609728ee78a73f817eb490634,bytecode_5,1,1250.0,927.0,323.0,1.0,False
0xe87227adf0fd3f6e580e2825069a0f8e8da66ad0,bytecode_4,1,1189.0,1026.0,163.0,0.0,0
0xe8b1b40f2d307bce891833f46eef1f69560e6926,bytecode_5,1,6867.0,6598.0,269.0,1.0,False
0xe8d7648dd6b3b8b4eb360009745fc0a3c597764b,bytecode_5,1,527.0,274.0,253.0,1.0,True
0xe8fff15bb5e14095bfdfa8bb85d83cc900c23c56,bytecode_2,1,8012.0,7766.0,246.0,1.0,True
0xe96f714a38bc4b2c12dada2aeac08cffab50435e,bytecode_2,1,2924.0,2684.0,240.0,1.0,True
0xe992d0edc8b5672ab48636bda3469401351c33c6,bytecode_4,1,1675.0,1532.0,143.0,0.0,0
0xe99ddae9181957e91b457e4c79a1b577e55a5742,bytecode_1,1,4920.0,4435.0,485.0,1.0,False
0xe9c2851dadbb1bb34bceb54473a0e428a50d8845,bytecode_1,1,7351.0,6868.0,483.0,1.0,False
0xe9c48b34e2498797b7f70d9fb5875805dd6bc8b4,bytecode_2,1,2652.0,2326.0,326.0,1.0,False
0xe9e03497fbf8f9463b2124fe2c8ceb8c3c92d8cd,bytecode_4,1,3371.0,3041.0,330.0,1.0,False
0xea7a3213b47099e3368f8f9a5f382540c80c2eb9,bytecode_1,1,3919.0,3734.0,185.0,1.0,True
0xeac3cf28cc9bf82915804325ef9e05ac65de79e3,bytecode_1,1,4556.0,4122.0,434.0,1.0,False
0xeb3107117fead7de89cd14d463d340a2e6917769,bytecode_1,1,369.0,188.0,181.0,1.0,False
0xeb3488b4907b752632270ecb89ad38e63c2d4913,bytecode_4,1,2452.0,2253.0,199.0,0.0,0
0xeb93e12e23acd78f622fcdb6b51906b7ba0aed2b,bytecode_4,1,5797.0,5414.0,383.0,1.0,False
0xece36c5d181d368829fe0cab6b90120e4b62889a,bytecode_1,1,2067.0,1748.0,319.0,1.0,False
0xed01e8865689602a840fa4855f0d7886268f250b,bytecode_4,1,948.0,670.0,278.0,1.0,True
0xed1b85d8a750fb3058cfc46d4508e791fe7a4d73,bytecode_5,1,845.0,600.0,245.0,1.0,False
0xee3dc775669d2415cad8b5b424e6c97ad60ebef5,bytecode_1,1,4244.0,3814.0,430.0,1.0,False
0xee6d409e9d08af082c2493ea955a0d3ea418dc0f,bytecode_2,1,4510.0,4186.0,324.0,1.0,False
0xee86bec58087512a591ddde8f5bc324be3a257ab,bytecode_4,1,6873.0,6635.0,238.0,0.0,0
0xeece3bfd3c83715f1f801dfa6b735ac9093c5bc3,bytecode_1,1,2240.0,1737.0,503.0,1.0,False
0xef12be74eeadda185fb08814c7d32e7934b0a5ca,bytecode_1,1,3761.0,3380.0,381.0,1.0,False
0xef511cd832613f77a6c6cc8ab5ce6a8b4181c9ba,bytecode_4,1,1475.0,1297.0,178.0,0.0,0
0xf00a4223027d4c2177d1235f0724071757a2ce82,bytecode_3,1,700.0,494.0,206.0,1.0,True
0xf01d0e76efcea913b3203484a0d82b3995202001,bytecode_4,1,734.0,532.0,202.0,0.0,0
0xf0577c974bde656df648d66778701903d3650e40,bytecode_4,1,785.0,677.0,108.0,0.0,0
0xf08f56e84c86f37022030d7103fde0365338688f,bytecode_5,1,3333.0,3089.0,244.0,1.0,True
0xf0e3da53ea68e2bb71d5c52c9202c358f40898a0,bytecode_4,1,3612.0,3406.0,206.0,0.0,0
0xf165c0df0b759e93e6166aecb667c7ec2a300525,bytecode_1,1,4649.0,4389.0,260.0,1.0,True
0xf19903d8e5b7d604b62d2a210b39ba9e1e1f93ef,bytecode_4,1,3893.0,3779.0,114.0,0.0,0
0xf1adc3c1cfd4181312185d9ef3fbe3ce1a7cde4e,bytecode_2,1,6139.0,5617.0,522.0,1.0,False
0xf1d0f528cb6b50e0035a7fe03b4bcc58dd09c1e2,bytecode_1,1,3637.0,3362.0,275.0,1.0,False
0xf208f8cdf637e49b5e6219fa76b014d49287894f,bytecode_4,1,611.0,413.0,198.0,0.0,0
0xf229815bc503abc2238f6cdf5505d326c223e14c,bytecode_4,1,1509.0,1257.0,252.0,0.0,0
0xf24fdeab9e15d0386a96dcd215699ed4a9b187c2,bytecode_4,1,5365.0,5087.0,278.0,1.0,True
0xf2665a78aec490c1bb5ab3e0927050e1857f70f9,bytecode_4,1,3866.0,3758.0,108.0,0.0,0
0xf2740c75f221788cf78c716b953a7f1c769d49b9,bytecode_4,1,2517.0,2252.0,265.0,0.0,0
0xf29a03e88c425116c979892d475f5cddf1f742ce,bytecode_3,1,1359.0,1068.0,291.0,1.0,True
0xf3845122100b623323d6108bbd4cdefcab68a2d6,bytecode_4,1,1331.0,1188.0,143.0,0.0,0
0xf3a7347cde5928688a41b6b521a1ead2999f9c34,bytecode_5,1,5702.0,5522.0,180.0,1.0,True
0xf479c029ed8af4a6a23248ac826812cf7cbd4d2c,bytecode_2,1,1874.0,1522.0,352.0,1.0,False
0xf48d72e5a2419c0c6f5822854b7bb7bf135d1623,bytecode_4,1,1549.0,1363.0,186.0,0.0,0
0xf4d07f472121a02e70c04e8717204b8393c79a17,bytecode_1,1,3302.0,3039.0,263.0,1.0,True
0xf4d9d8f5c75067d3bc050cbe5c7d69c85934b213,bytecode_4,1,881.0,541.0,340.0,1.0,True
0xf4f52fe42631a43e3973283ce275959b6cbb103a,bytecode_5,1,2039.0,1795.0,244.0,1.0,True
0xf4f8ab8c5db70c8aa8fe22fd8a86505125ef2b3e,bytecode_4,1,3716.0,3534.0,182.0,0.0,0
0xf527314a3ea16acf9f9e26613426cf5f8e7a3e43,bytecode_4,1,870.0,661.0,209.0,1.0,False
0xf556eb074274b572a9e863c29840507affc9eba2,bytecode_4,1,3364.0,3167.0,197.0,0.0,0
0xf55acf113cb1628f27b23d61fe6df12f43294694,bytecode_4,1,2338.0,2203.0,135.0,0.0,0
0xf61718057901f84c4eec4339ef8f0d86d2b45600,bytecode_4,1,18159.0,17848.0,311.0,1.0,False
0xf61a285edf078536a410a5fbc28013f9660e54a8,bytecode_4,1,10880.0,10678.0,202.0,0.0,0
0xf67fbf1c2df2da7f96c7ffee9151eff7246d7922,bytecode_4,1,867.0,457.0,410.0,1.0,True
0xf7a6868ad958b724bc486e10bd3ddc8d63aa16c7,bytecode_5,1,3622.0,3356.0,266.0,1.0,True
0xf806cdb99d93998fadb2e987fab87efe0b36f56d,bytecode_2,1,2238.0,1991.0,247.0,1.0,True
0xf85d337017d9e6600a433c5036e0d18edd0380f3,bytecode_2,1,1058.0,778.0,280.0,1.0,False
0xf8cd71c32a57f43d62b1c6c7b1aa56c184a345ea,bytecode_4,1,3087.0,2853.0,234.0,0.0,0
0xf97c238b2277b2e7d15e278b61b250e96b23a194,bytecode_4,1,2995.0,2778.0,217.0,1.0,True
0xf9b5ef95a21b53ee92a37139aa5b5cdf1976f161,bytecode_4,1,1788.0,1536.0,252.0,1.0,True
0xfa1c8488517e678cf87635371da135279b8e3501,bytecode_4,1,8276.0,8006.0,270.0,1.0,False
0xfa2400c873bf5e7243c5a5c40675868c4b7145ea,bytecode_4,1,2549.0,2223.0,326.0,1.0,True
0xfae56676c2e9a053729eed9544861fdd7a768e95,bytecode_4,1,9362.0,9006.0,356.0,1.0,False
0xfb0f7189b354660e649ae14261a9fe0e8febf369,bytecode_4,1,1170.0,1004.0,166.0,0.0,0
0xfb38005627b5b4d3034dcf6d9651877d34830f29,bytecode_2,1,4036.0,3728.0,308.0,1.0,True
0xfb4189d3b8431c88cac64d62b582448f6510f7f7,bytecode_4,1,2742.0,2539.0,203.0,0.0,0
0xfb5a551374b656c6e39787b1d3a03feab7f3a98e,bytecode_2,1,3936.0,3420.0,516.0,1.0,False
0xfc0d55363651bcb0da1c8c6ec2bc68a5c1a2bcd3,bytecode_3,1,4574.0,4396.0,178.0,1.0,False
0xfc4a176d1db069c92fa5d673543772dc05d18b10,bytecode_4,1,3709.0,3530.0,179.0,0.0,0
0xfc4b3b930ec2565d6c84545faf33526b6afcc0dd,bytecode_2,1,5680.0,5346.0,334.0,1.0,False
0xfc5429ef09ed041622a23fee92e65efab389c1ce,bytecode_4,1,4174.0,3949.0,225.0,0.0,0
0xfc8eeb3ab713c1bd98e16ae906d9a99fd7598632,bytecode_1,1,6382.0,6145.0,237.0,1.0,True
0xfca7d75cf8cad941a48ab9b5e1af0ae571923378,bytecode_4,1,5224.0,5041.0,183.0,0.0,0
0xfcb4393e7faef06fab01c00d67c1895545aff3b8,bytecode_2,1,969.0,740.0,229.0,1.0,False
0xfcca0c5ccd723baf6bf7f6678c8cfb49ce0042c7,bytecode_1,1,4472.0,3916.0,556.0,1.0,False
0xfd326f36bfabe2e195e54c3edab3a094a20758b8,bytecode_4,1,5010.0,4910.0,100.0,0.0,0
0xfd4e7b9f4f97330356f7d1b5ddb9843f2c3e9d87,bytecode_1,1,2571.0,2335.0,236.0,1.0,False
0xfd5fcd146b75aa62262ff80b27e961442ec7c574,bytecode_3,1,7516.0,7299.0,217.0,1.0,True
0xfdb0065240753fef4880a9cc7876be59e09d78bb,bytecode_2,1,3488.0,3167.0,321.0,1.0,False
0xfe38739c4b70cd6d1d3674e70d17fb1999cb4f9f,bytecode_1,1,3737.0,3210.0,527.0,1.0,False
0xfe6ea4625b57b6503677a1083ad9920bc9021b18,bytecode_5,1,622.0,342.0,280.0,1.0,False
0xfed8dfb896ff7081851c56a2652240568d2c513f,bytecode_5,1,2444.0,2097.0,347.0,1.0,True
0xff51c457c84c970bcfbf6f6551dc527421ec4231,bytecode_4,1,1465.0,1277.0,188.0,0.0,0
0xff531d7874cab51b2661d6599d5f552edae3481e,bytecode_4,1,5272.0,4986.0,286.0,1.0,False
0xff81e0f888c31b91c8ec623498cf82a5c7a37f7a,bytecode_4,1,3265.0,3105.0,160.0,0.0,0
0xff8b53e8b4f31963f46f16efdefa664c1e3b4b66,bytecode_1,1,922.0,391.0,531.0,1.0,True
0xffff0031d8768861b3172a7c7dc7d91b646f53db,bytecode_2,1,2027.0,1746.0,281.0,1.0,False
