input_type,address,mean_sim,time
elipmoc,0x0091e27b9ef50427ad431be70dc441f9f6639d78,0.8875427842140198,2
elipmoc,0x009449c99a2822914d68691d87b0177292fb5a6c,0.7502644658088684,4
elipmoc,0x00c315ac9ff89bb6afa7524cd159f0a9766e8c89,0.9389759302139282,3
elipmoc,0x00fa44d91d7541d16dd18a48dd6a011de5e887df,0.7876665592193604,3
elipmoc,0x01b34fe45b5c00b71d6ff47e76781269aaa7b5c4,,3
elipmoc,0x024c0e1966a52c506e95679f2edb7c031aaa8011,0.7887988686561584,3
elipmoc,0x0286f920f893513c7ec9fe35ba0a4760229a243e,0.8380745649337769,3
elipmoc,0x029606e5ec44cad1346d6a1273a53b971fa93ad6,0.9700371623039246,5
elipmoc,0x02e582682aa7b4dcc3f7574c468ef61b29545404,,3
elipmoc,0x035611f47a13f3603109152952f0034c674959ba,0.899652898311615,1
elipmoc,0x039edb0d0613c58f45a777ab5dbf7cafcc7de9cd,0.8054614663124084,3
elipmoc,0x03b7dcf4e018031c39f21a6e99632ccbf72c79a2,0.859829843044281,3
elipmoc,0x03cc979c46b030c4abd7d4063cd075cb38cd0919,,3
elipmoc,0x042a277368cb43a70b06361e7ab7d1d0a2096b0e,0.845749020576477,2
elipmoc,0x04562d368e202f7e9470f3e238e92c2582c8dcec,,3
elipmoc,0x046ec9bb312c51425f7a00b2ab7525afe7db52e6,,3
elipmoc,0x0486506702b47fd838f3b8ead7fc9509f012f4a7,0.9475382566452026,2
elipmoc,0x04a4b43352a78294bc7b6d520450825ac639ea21,0.7495248913764954,3
elipmoc,0x04a84b5368c9006ed05e837f8132e9f1c0287482,0.678866982460022,3
elipmoc,0x04aa51bbcb46541455ccf1b8bef2ebc5d3787ec9,,3
elipmoc,0x04deb44ac536ed288ab3ddb7d69920e7002965f1,0.0,3
elipmoc,0x052cf5824a4adc682715de9a5b725c65d32f34d5,0.9044798016548156,3
elipmoc,0x05b04cb2c29691d3f9ce74e6aa3c69548da3bee2,,3
elipmoc,0x05b3abd9031a31a45121bda59c7bb52fc7db2590,0.9270254373550416,3
elipmoc,0x05e7039c7afd77157845d9a4f1750b8ca93ec378,0.9692411422729492,3
elipmoc,0x05fa56daf3c7496854bf685e7f3f435f87589e58,0.7350863814353943,1
elipmoc,0x064f6470b3a913d5e91552749a339b792a1c22bd,0.6581780314445496,3
elipmoc,0x06adba5ad6c494e536cad8afa1129ab9f7cb99bf,0.9126865863800048,2
elipmoc,0x06c299dbd4d53ee82812c15bc4c997a2a998dd9e,0.869021475315094,4
elipmoc,0x06d5697043f8e611807b221e74f08a28bb4e6e13,0.8928631544113159,3
elipmoc,0x06f997c86aa88ac040c69c691c86d2739556286a,0.9483821392059326,1
elipmoc,0x07597255910a51509ca469568b048f2597e72504,,3
elipmoc,0x076c5c977938839914dbceae1643858721ba020b,0.8458045125007629,3
elipmoc,0x07e040d474a584cd2e7e4a819fa18420beb5eb4f,0.8611973524093628,3
elipmoc,0x07f7ecb66d788ab01dc93b9b71a88401de7d0f2e,0.9497531652450562,2
elipmoc,0x0839f043ece52658d99cdc9173d5b116608802d8,0.7670551538467407,5
elipmoc,0x089431f295b58c17c0b1754be2e15d706e990151,,3
elipmoc,0x0944393abcfc9879cedc19e070c056f70703f9b8,0.9518631100654602,5
elipmoc,0x0952702680b4bf531702385f948a7ee998b53580,0.692693829536438,4
elipmoc,0x09873cdd92782ee43e7881da138a156e7e8835f5,,3
elipmoc,0x09ac823b069e9403faeacc927d6f472964466e12,0.9044464230537416,4
elipmoc,0x09b4c8200f0cb51e6d44a1974a1bc07336b9f47f,,3
elipmoc,0x09f6742e42daafae735e14ec53b5ee95b66c2886,,3
elipmoc,0x0a497d3619868163e9cc8402cdd67932a6091440,0.8727009892463684,4
elipmoc,0x0a5e34ab31a1e589b470e7deeab7bf8b38a1d8d3,,3
elipmoc,0x0a7073207bac23865e0e3b204615364b5a9d3783,0.9677776098251344,4
elipmoc,0x0acbcc45dde258b18c11b16b06bdc64fd91913ac,,3
elipmoc,0x0addedfeedb9f23397fee42df51fc73cb6f2ceea,0.9247767925262452,2
elipmoc,0x0b35dd0696ee6c6338f2f08967891feb04183805,0.8847684264183044,3
elipmoc,0x0b6bc31fe6839ec3b8cfc98819cec7fa64158a8f,0.8696090579032898,5
elipmoc,0x0b7dc5a43ce121b4eaaa41b0f4f43bba47bb8951,0.9072232842445374,2
elipmoc,0x0b8f53f5cb26f27ecf46840c14cc93577221822d,0.90285462141037,1
elipmoc,0x0b9cab17883e721888c22b2bcb5a00f91a711989,0.7987629175186157,5
elipmoc,0x0bc95951bb59d6fd063ce7ad5c3b3dcaace98132,0.6123090386390686,3
elipmoc,0x0c5876bc9765ee15fc3378100c070453186db8f3,0.7269207835197449,1
elipmoc,0x0c7126b0c7e79c1ea6930bed8499fedb87cd2006,0.8748757839202881,1
elipmoc,0x0c78735435fbe36b39cccd5fe35fb4590e3da603,,3
elipmoc,0x0cfda67b0067f1a99deb1cb80e0273a3f26d317c,0.9216346144676208,2
elipmoc,0x0d5eae179709e92b3bff65731158e8291c49eafb,0.8838616013526917,2
elipmoc,0x0dc11b7ed751594906bce3a7091952b30528ee7e,0.8706245422363281,2
elipmoc,0x0e7c28fb8ed4f5f63aabd022deaeeba40ecc335c,,3
elipmoc,0x0e915b35cc269b2dfc8bbd8e4a88ed4884a53efc,0.704280436038971,1
elipmoc,0x0e9e062d7e60c8a6a406488631dae1c5f6db0e7d,0.8981760144233704,4
elipmoc,0x0ebb614204e47c09b6c3feb9aaecad8ee060e23e,0.8951311707496643,5
elipmoc,0x0edde4b6f91dbd2efd075ace85ec2e52d0696d44,0.8580271601676941,1
elipmoc,0x0f1cd99bea68f0d994064395d2b45315b185882e,0.638995885848999,3
elipmoc,0x0f1d2925c2840f3d15cb6bd1a1f75e1d5de41d90,0.9292709231376648,1
elipmoc,0x0f33bb20a282a7649c7b3aff644f084a9348e933,0.8954770565032959,1
elipmoc,0x0f4cafdce3737601c598bcfd4bbd69f75786ba40,,3
elipmoc,0x0f72b988c30a4e4472607703c3363dcfe0f58e0d,0.9185092449188232,3
elipmoc,0x0fb6ef1d9934eebdd16e760f6485b561c89c5e57,0.7688724398612976,4
elipmoc,0x1054bf40be3e021e26fa5f6d627fe395a3fd3f26,0.7628176212310791,3
elipmoc,0x12345678979f29ebc99e00bdc5693ddea564ca80,0.8151441216468811,3
elipmoc,0x124635bfe95ba690fc095f6f3a0bdeac62fab8e1,0.8997215032577515,4
elipmoc,0x1292463b22ed4cb340c737fbc046258fb428f27c,0.9218602180480956,5
elipmoc,0x1294d23b74c103d0e6d9c8f98abe9383c7900735,0.865654706954956,4
elipmoc,0x12b75faf1d0b812fd607c40b4806f40f15405032,0.8343119025230408,4
elipmoc,0x12d5b7c26dd8dc6e2f71f5bf240d5e76452b2fe5,0.8590166568756104,1
elipmoc,0x12efb0cc4e3d139a27d35388c640b60cd031a6f7,0.7801142930984497,2
elipmoc,0x13ca82a039fb510c4110c75a833160dbc8f203e1,0.8748263716697693,3
elipmoc,0x13f6daa69a85d072ee9302ca37533a4db2c354e8,0.9736369252204896,4
elipmoc,0x144106999ff7f2fc278f166975a93d661d885b8f,0.8591527938842773,2
elipmoc,0x14e2ac9b6ca7bade21afdfa31b63708fc0b08d8f,0.702052116394043,1
elipmoc,0x14f109d126c58b5bf55cdc51b9bd90b21e6a6de5,0.8164111375808716,5
elipmoc,0x1543d0f83489e82a1344df6827b23d541f235a50,0.9246751666069032,1
elipmoc,0x1544f3bcbe71a79c660936b843402eeb44d3a06a,0.0,3
elipmoc,0x155a00d0d74f2efab70bec1b7bcc07ddbaf3e164,0.9800304770469666,1
elipmoc,0x15d3122103c5c17ed791fd5a3dba847ecfd6037e,0.7205113172531128,1
elipmoc,0x16504ea42ffd2bd962108c2ea7cc4fb70106d8a8,0.8175979852676392,4
elipmoc,0x165cff19221424adb30e5daf6319a69890a19183,,3
elipmoc,0x16c452375d23d49ec94eb0743c7a644a17e48e2e,0.9502906799316406,5
elipmoc,0x16d29707a5f507f9252ae5b7fc5e86399725c663,0.8639416694641113,3
elipmoc,0x16d790ad4e33725d44741251f100e635c323beb9,0.8837265968322754,4
elipmoc,0x16de59092dae5ccf4a1e6439d611fd0653f0bd01,0.8416716456413269,1
elipmoc,0x1772eea64df54e19728e695008d31c1289ac620d,0.9052934646606444,1
elipmoc,0x17e5e0910b9185b0ede564dcbf074ca910ad56a4,0.9178191423416138,1
elipmoc,0x17fd666fa0784885fa1afec8ac624d9b7e72b752,,3
elipmoc,0x18293de649fb8d8e1c8824abd214f7480c61e4a4,0.8552388548851013,3
elipmoc,0x1848edec5c62eafff523386d881ca548b772ff6a,0.9175435304641724,4
elipmoc,0x18f0cd26c06449d967ca6aef8b5f9d8ee9fd7992,0.9128562808036804,4
elipmoc,0x191217777cb44c000700fbf76696a098f74c566c,0.8259004950523376,2
elipmoc,0x1924c657d6a772816601fc5edf78377c23686e95,0.8810683488845825,5
elipmoc,0x195b6dc3c79185e53d97b443c0769f1d9bd3b7fb,0.7115848064422607,3
elipmoc,0x19c324ee97bedf04b71d9907102381246d307e65,0.8107067346572876,2
elipmoc,0x1a099e2d91f537fae5523f57d182ce522aa9780c,0.5795700550079346,1
elipmoc,0x1a3139caa6c660547d37857a4612b3ceaa41c19f,0.9416300654411316,3
elipmoc,0x1a4874c84516210f989ef9b1488fed041a5c5f9b,0.8931958079338074,3
elipmoc,0x1a94656a6245379bc0d9c64c402197528edb2bd1,0.8867066502571106,1
elipmoc,0x1a9c1c1914a20fe9ae67b25913ffb8227c5cb617,0.9592378735542296,4
elipmoc,0x1b755d760e6d8970a5ffd37a41380ff0269fa368,0.7795488238334656,3
elipmoc,0x1bb28e79f2482df6bf60efc7a33365703bcf1536,0.9620679020881652,4
elipmoc,0x1beb353fa1e215457ff16fceec07f7eab9f06565,0.9679352641105652,4
elipmoc,0x1c381ca8112f823941c37cb9514819909ecb102d,0.8378996849060059,4
elipmoc,0x1c67ceba2f78e8af111279dc6d59fa5ef1707781,0.7534420490264893,3
elipmoc,0x1cd30a2bba7b913bfeb8e7e40bec1311476efb13,0.963881015777588,5
elipmoc,0x1cd442aff7cdd247420a4dc76b44111994f521c9,0.7546189427375793,3
elipmoc,0x1d5e63693ef0a3edc8a57e0bbe0645066550b2e5,0.8936244249343872,4
elipmoc,0x1e20b7d24d429b0de705d3ff8b88ec651d28a935,0.915249764919281,4
elipmoc,0x1e217adc6a6adc16e248af109ab7efa4d1bb252d,0.8184413909912109,3
elipmoc,0x1e4f97b9f9f913c46f1632781732927b9019c68b,0.8923169374465942,5
elipmoc,0x1e5b407f511542b7ac7836319de139601c6fad02,0.8929880857467651,1
elipmoc,0x1e700861dcbc06c9a93fb17e556150e120cb6f8d,0.5852816700935364,3
elipmoc,0x1ebda9b505ad2c6ccee86bfc18f58035dcfdc26a,0.8500331044197083,2
elipmoc,0x1f42f986f9ef31d6ef787565b211bce0eb877bcc,0.9420271515846252,5
elipmoc,0x1fe8a1fcf50868f4c496b2ac88f5a3a2ec337fa8,,3
elipmoc,0x207ff240d2f5baaefce160785f38ebd5d7bbdce4,0.9588854908943176,3
elipmoc,0x20827ab17e406d92e2c5cbc2948be0871e160d8c,0.896943211555481,4
elipmoc,0x2097175d0abb8258f2468e3487f8db776e29d076,0.8311052322387695,1
elipmoc,0x209a1b17e577fab23e1c73c883a9732701b9ad3a,,3
elipmoc,0x212dbc29bd9b67a6f6231a8dca2640bd9636639a,0.892952024936676,3
elipmoc,0x2167f0f96499808e0b62af7b2a0ee5cafc573a25,0.781940758228302,4
elipmoc,0x219218f117dc9348b358b8471c55a073e5e0da0b,0.9385534524917604,4
elipmoc,0x2193b9f2b5e5051e41c32c71b25587d6a6f045c8,0.9724933505058287,5
elipmoc,0x226117912d0e4e152b07a9e4b52494f9922825b8,,3
elipmoc,0x22be7f22e7ca2d4949d2b369d02bc9283ce7d285,0.4258116483688354,3
elipmoc,0x22e5f62d0fa19974749faa194e3d3ef6d89c08d7,0.8640238642692566,4
elipmoc,0x230c2a140e758087f7107dd31943c5c03b819e55,0.9020515084266664,3
elipmoc,0x2318867ba665776fb52f7e5f6faa8fedd47bb918,0.8532360792160034,2
elipmoc,0x232ba9f3b3643ab28d28ed7ee18600708d60e5fe,0.9747174978256226,3
elipmoc,0x235574910b3c91bb85ac6cab454545749b72e71a,,3
elipmoc,0x23ba165482e05f7d49563242c7a48d08f5d7d802,,3
elipmoc,0x23c3bdad7336835c0c2cd97eb941d2ca564cc24b,0.7687222361564636,3
elipmoc,0x23ea10cc1e6ebdb499d24e45369a35f43627062f,0.7599610686302185,3
elipmoc,0x240f205c46e1607dc6f786fb313bde3dff068eb5,,3
elipmoc,0x25066b77ae6174d372a9fe2b1d7886a2be150e9b,0.8523085117340088,1
elipmoc,0x259d01f7d96fcd1e77a467e71fa3d164f68fe2fe,0.9223513603210448,3
elipmoc,0x25af3834716a8c5890533546ef60050e05e8bbe6,0.8507490158081055,3
elipmoc,0x25c08bb7aa204d221288d9739899f4edf96f5fba,0.6239027976989746,4
elipmoc,0x25e08694ab1deb8715b0a856bf1d947e90938261,0.942679762840271,2
elipmoc,0x25ff04031852660cbb733709890b9f92257ee731,0.5120809674263,4
elipmoc,0x2612e95424e4039cce9fd0c40e584b52813effe3,,3
elipmoc,0x261d650a521103428c6827a11fc0cbce96d74dbc,0.8460251688957214,1
elipmoc,0x2628e13a3cbdc52ed96b4b8d6b1041d3ef3a409e,0.8328410983085632,5
elipmoc,0x268be5667d4e5bd036bd608d0601ef1441604429,,3
elipmoc,0x268f92d90798614b4450b1efa59c71a601ab0af2,0.7103895545005798,5
elipmoc,0x27887a512107d43b4ebbf66df1c29bac7eba1f1a,0.9414801001548768,4
elipmoc,0x2797b0fa64cd56e45fb589fc3743177348397817,0.8329489231109619,1
elipmoc,0x27d7bfbed155767a9ac7d04cb200ed8f8430cf09,,3
elipmoc,0x27e06500263d6b27a3f8b7be636aabc7adc186be,0.4844889640808105,3
elipmoc,0x27e7383e49be6fd965805a0302b32e40c3d9981e,0.6751636862754822,2
elipmoc,0x286a090b31462890cd9bf9f167b610ed8aa8bd1a,,3
elipmoc,0x286ae10228c274a9396a05a56b9e3b8f42d1ce14,0.8178922533988953,3
elipmoc,0x28b6bf339afd2dceeeebd6b218e798b08f38a2e9,0.9060463905334472,3
elipmoc,0x293438bc8656c99abb4fce8b08a5f40fb3b8c931,0.5729283094406128,2
elipmoc,0x293ed09bfc80b93cdf5a64306aaedcfad3c64955,0.7934023141860962,3
elipmoc,0x2956356cd2a2bf3202f771f50d3d14a367b48070,0.9325862526893616,4
elipmoc,0x29ed301f073f62acc13a2d3df64db4a3185f1433,0.7815693020820618,1
elipmoc,0x2a0c0dbecc7e4d658f48e01e3fa353f44050c208,0.9460667371749878,3
elipmoc,0x2a0e7619e69bd8959da98f711f15d1e36f9139b5,,3
elipmoc,0x2a37f3c4ce5ee6b1dbcdb593b21eee1c418ad403,0.6816353797912598,3
elipmoc,0x2aea8071b771818e0004d0e5c93fadd9d7f5d31d,,3
elipmoc,0x2b22b2c65b185182786f087c1a0035b5ed76bbb7,0.9554497599601746,4
elipmoc,0x2b44d68555899dbc1ab0892e7330476183dbc932,0.8527743816375732,3
elipmoc,0x2b55bbe80cf8cc8dae0380856b5bf3d1c451880b,0.608720064163208,1
elipmoc,0x2b73cb82aebd4c261cae319d2f9eafedbf72abb6,0.892902135848999,4
elipmoc,0x2baac9330cf9ac479d819195794d79ad0c7616e3,0.9103035926818848,2
elipmoc,0x2bdcd9ae2be26d3324ef75bcf64b3cc246302754,0.931354522705078,4
elipmoc,0x2c50a2931e4dda0610aa95c18e26895ca8985bc3,,3
elipmoc,0x2c756e74b7309d785b5e2960ef262c4f14a87930,0.8960005640983582,4
elipmoc,0x2c7bc39b1b0c9fdf200fd30c74c0a9a41c2c7047,0.8248233795166016,1
elipmoc,0x2cbc6812cff0b1113bf2808ffce6d83b97afd345,0.9095609784126282,3
elipmoc,0x2d07d53c82978fdce1dae5d5dee38923f520dd63,0.6014556884765625,1
elipmoc,0x2d7765c44e44b9ec01d30ea367e8403aa4415cb3,0.9668920636177064,4
elipmoc,0x2dc588af5eff094401b1f8016e74e7d46d9e7a31,0.8075807094573975,5
elipmoc,0x2e146431da3c24cd9ea4337a6981667f4a9020fc,0.8365917801856995,3
elipmoc,0x2e65acb183753c39b7cbb24af6c8a451cda192a0,0.9342488646507264,5
elipmoc,0x2e88c458dab34c673641df586ab9d9a15e0b93ec,,3
elipmoc,0x2f490751589db68f3c406bf9c14c95ec7fa26840,0.922923982143402,4
elipmoc,0x2f5c8d7259b48078c0b6c0a7cf6269e3817680e5,0.918647825717926,3
elipmoc,0x2f758a59a8c88a54fe659fc9446b355315254769,0.785556435585022,3
elipmoc,0x2f846758e479ee7e0bd87cea5b9f8f3e314c6bd9,0.7365384697914124,4
elipmoc,0x300549a4a3c35d1b24f3ce05f93908b5849a7267,0.9195078015327454,3
elipmoc,0x301487766dcf283592b11b5988e5c4e4630dfbe5,0.8468012809753418,2
elipmoc,0x304800b2e817e664949772fd70e9d87cda8a8899,0.9904836416244508,4
elipmoc,0x3076d20cef23cf934fc6f857eb97e2baa63fc9fb,0.8767210841178894,3
elipmoc,0x30cefbcb5c26a5b19a019092ab8d09f8739c904f,,3
elipmoc,0x30e0d995a998bbf967cd80c921db7b6afe953900,0.9823666214942932,1
elipmoc,0x3115b83af820875cc1128f987eda32150f056d71,0.7560216188430786,3
elipmoc,0x315bc1843b327d9b60381677b51c0092d9ceb8d8,0.9645829200744628,4
elipmoc,0x31a9d8d9697a9542189f9848636ad75e57583d0d,0.9190173149108888,3
elipmoc,0x3238db085a2853442e3d74ad47e73ef63bfbc507,0.793067455291748,3
elipmoc,0x32776933663b27ebcda98b07c4958ec74c0bafb1,,3
elipmoc,0x333f7d10c3d8f3b0a070c0f6673cf61bd4a86622,,3
elipmoc,0x3380f0d42bf90489c516dcd3b38ca73a029c3daa,0.9244597554206848,3
elipmoc,0x341f9c6c60c07fd11ef0bbc93586a2b9d68bfcf0,0.8711839914321899,4
elipmoc,0x344bd3872f67d37757b48155ba4666e780fc47b5,0.8274584412574768,3
elipmoc,0x34ddc40e17bc8f0a159ba4fc297e55bd3f7c75aa,,3
elipmoc,0x354a16be55329b65837dce830cfd71265da0f53c,0.9310363531112672,5
elipmoc,0x3565f84c8cd841ff9f2773d02f492e3b058aec5e,,3
elipmoc,0x35a6f91c15538ae4a666db6d39395fd657a108f6,,3
elipmoc,0x35c3034556b81132e682db2f879e6f30721b847c,0.8215470910072327,3
elipmoc,0x3612d93f91c8fdb5f158a7c35dd7f87c63ad3f9b,,3
elipmoc,0x3633c61be0dd1b1fd20a97e05c5ed880a204de33,0.674675464630127,4
elipmoc,0x364a6b4c75fd0cdb50676bb0e694b66b184af693,0.7887797355651855,2
elipmoc,0x364aa6b380cb4f9cee6711326d6b33a81ce1998c,0.8975142240524292,4
elipmoc,0x366c513514176bc0edc1e17c290f54f308e43ac3,0.92805278301239,1
elipmoc,0x3689f372eb8ae130b1767664ad1c75528c815811,,3
elipmoc,0x36bdc3b60dc5491fbc7d74a05709e94d5b554321,0.9811654090881348,2
elipmoc,0x375f2ee0f07eb52fe31566dcf5ae76e1c01b12cc,0.9120099544525146,3
elipmoc,0x37cae345004fac08c225be1a1cb0eed9e8e04405,,3
elipmoc,0x37f387fe48c9569500b514a1c7e1f6b04be8d421,,3
elipmoc,0x38894302a6eabea6f2b29b508031d2ed75f0be22,0.8683621883392334,2
elipmoc,0x3956925d7d5199a6db1f42347fedbcd35312ae82,0.9344980120658876,2
elipmoc,0x39685718663bf4ad2206f1baf7aadbca0e7d7f95,,3
elipmoc,0x399f7c9aa6d2c9ecf7d1c40c808d15c1f8d6d390,0.8356324434280396,1
elipmoc,0x39cfd754c85023648bf003bea2dd498c5612abfa,0.8928704261779785,3
elipmoc,0x39dd0ac05016b2d4f82fdb3b70d011239abffa8b,0.8643231987953186,4
elipmoc,0x39fbd1140cd1fc298f00c3ea64b3591de94c67e7,,3
elipmoc,0x3a0e9acd953ffc0dd18d63603488846a6b8b2b01,0.9146538972854614,2
elipmoc,0x3a580a0d295d3f5a8137a91448b03f2bdc22aa2c,0.7691274285316467,3
elipmoc,0x3aa11fb28dcd0bd5588d04b717c94cfbf25fa20d,0.9469141364097596,3
elipmoc,0x3b0e5a2a318616b1673b0bc7a91dd7c6d85b7e56,,3
elipmoc,0x3b39fbe86e4a8ee37a4928ee6877a46aaa47ce06,0.8362057209014893,3
elipmoc,0x3ba2175a0791dbe272528893b6922b4bc19d1f18,0.979297697544098,3
elipmoc,0x3bc06304959cb2cfec0c8073eb6f31b466ce3f17,,3
elipmoc,0x3befe34ac47e7d6204470b28eeb515a69d4865d7,0.933633029460907,5
elipmoc,0x3bf8fe7011e98c1ce53d926018a27591d2df3fae,,3
elipmoc,0x3c020e014069df790d4f4e63fd297ba4e1c8e51f,0.8251190185546875,2
elipmoc,0x3c07b3f4a6e253915d83c86707f0af07521d1cd8,0.8412781357765198,4
elipmoc,0x3c1634291868ddffa037222991babfccd8400921,0.9365195631980896,4
elipmoc,0x3c34071180ceb4213da92d065f87adcb835028c4,0.9636254906654358,5
elipmoc,0x3cab5f3e3bbe86c69f4e43339920f61ab8193300,0.8761176466941833,4
elipmoc,0x3cb7a642b1966c94c425c0a903f4c0e033e9b7e9,0.8685401082038879,3
elipmoc,0x3cc29b94e917b9e8c11134634125b833f0b91e4f,0.696201503276825,4
elipmoc,0x3cd9024168e6240b4f18b466d9bea9f8efc66004,0.8679896593093872,4
elipmoc,0x3d807baa0342b748ec59aa0b01e93f774672f7ac,0.9262757301330566,5
elipmoc,0x3e1a13a6b8bafd58a5bc33a20dac48aa1868daea,0.909323751926422,3
elipmoc,0x3e2cbed7ab1196c0f52ab4c5452b6668477d7e26,0.937149941921234,4
elipmoc,0x3e6eb90d362535fb073e5723709a9ea449cdd6cd,0.8534054160118103,3
elipmoc,0x3e752ffd5eff7b7f2715ef43d8339ecabd0e65b9,0.8826900124549866,1
elipmoc,0x3ef0979d63b66fc3c1b1fdf664deb7059b4fb59e,0.959198832511902,1
elipmoc,0x3f170a119584de1ce0e257d9fdec4099d564d91c,0.979276716709137,1
elipmoc,0x3f3c78290d05517443fb64649c23efc0fade33fa,0.9106848835945128,3
elipmoc,0x3f60651303846a417362377910a2a8c5caede024,0.8033925890922546,4
elipmoc,0x3fbf67bab8461d59e49b1560a6375968f3c3a9a6,0.9246395826339722,4
elipmoc,0x3fd30f3e1fbf4f3ea6bdf3e3bb11826266708869,0.9224106073379515,4
elipmoc,0x3fd7d3a5cd8c252f7dde95b2908f22a316f05ad2,,3
elipmoc,0x40117c4f66e9a7e3058558e6ffe4232e1a896c6a,0.819159984588623,2
elipmoc,0x4040dfed08346b98336be48072d071f0805c3ae0,0.8462536931037903,3
elipmoc,0x404c41da498cd32217e59e8ec718bd1579591748,0.8846704363822937,3
elipmoc,0x4126632bd44dd9c82604252e3466e5766e266b0e,0.8928651213645935,2
elipmoc,0x41634a7cb08ee639a751973e63577ddcfe9e7101,0.9064991474151612,4
elipmoc,0x41a5b8aa081dcd69ace566061d5b6adcb92cae1c,0.5497163534164429,3
elipmoc,0x42742cd5a3462e77c79d28df5e186248813f1a6c,0.9148691296577454,4
elipmoc,0x428472c5664d079eb4f035d872801241a4e8a4de,0.5273697376251221,3
elipmoc,0x42b9aa7a244b38ef56dff4d2df7e7a7013a59cbf,0.8080266118049622,4
elipmoc,0x42ca77fd0cab2148cc7da41239af36925f0963c3,0.9539125561714172,4
elipmoc,0x42cee7dd9b47c2cee35ca996a712e8c99471d46f,0.7973982095718384,1
elipmoc,0x42f1935bae7a16eac35a9f05e485ecf42a111e00,0.380370020866394,5
elipmoc,0x42fbfb1d1994a99de3bc52c2172d8370cd3d6671,0.9317668080329896,3
elipmoc,0x4363b5d64f228c819dc706889b09a0dc76e22fb0,0.5811617374420166,4
elipmoc,0x43b82a8d1a0d25293b3d128efb358c0b39a777b3,0.8497389554977417,2
elipmoc,0x446044b773018fd6a0f481f0062e648e55685328,0.8028193116188049,4
elipmoc,0x449335a73eaa9456a47494cfbf2b27588febf3ae,0.8578004240989685,4
elipmoc,0x44e081cac2406a4efe165178c2a4d77f7a7854d4,0.9648288488388062,1
elipmoc,0x45d3ce9da80d2331627d8a87ae4f225320bbe30b,0.849740207195282,4
elipmoc,0x45fe2a813c4bd60b0415bd84f5a464be8d3a36b7,0.8734059929847717,5
elipmoc,0x4602047d7e263866937bc8e7a452a1c39f68dd53,0.8413573503494263,3
elipmoc,0x460ba527cbe7681e7edc93eafb08f8b1d18ca1eb,0.8194782137870789,2
elipmoc,0x465d3bd8ba9879352796a2337b58d2ad9f4b8175,,3
elipmoc,0x46751d82e59684f39bc554c6797663d62cef0f75,0.9234192371368408,1
elipmoc,0x46b87b9c794ddb93b2a16bc1719111caec1cbd88,0.9352790117263794,4
elipmoc,0x46c635b772115ad2c3df7abe0d35eb908abad4b8,0.924816071987152,4
elipmoc,0x46fa5ea512a72f18cb07cd06c3865b59549a7f8d,0.8982791900634766,4
elipmoc,0x4702a04b84dbd61a7494283349444ea784ba9593,,3
elipmoc,0x47094713a4b08b38e25787c34453b4c48824b0f8,0.90436452627182,3
elipmoc,0x47423b0fdb181ecab813c908307e9795c0272db7,0.9044785499572754,3
elipmoc,0x477f97ec5d39946bb5c2964ed523a99d5dfcdcf8,0.9246194958686828,4
elipmoc,0x47841c761b02a8c33e3ff2b13d6497d72e539eb6,,3
elipmoc,0x47a778209f0b0933d855d8bff426e967db1a1963,0.8605731129646301,3
elipmoc,0x48028860a0bd4432e87c16ca80fa9b9c40144abe,0.9126811623573304,2
elipmoc,0x4817d74db306a6547f18d462f187affefaac313e,0.9527209401130676,3
elipmoc,0x48461f602e5c371783b54a6a197a05b53a2c2b97,0.7654645442962646,4
elipmoc,0x4865a4d8e52e3754fc0e20ad0146660ad053fd44,0.9133013486862184,3
elipmoc,0x48bd67ad140c9d10f94099c1cef7ab17d90ac335,0.7923824191093445,4
elipmoc,0x48bf5e13a1ee8bd4385c182904b3abf73e042675,,3
elipmoc,0x48e4562b66df6824811c1171fdf9d5814a5b42ef,0.9025329351425172,4
elipmoc,0x49102622791a58abe990a0ac68ec3f4366c5b2b1,,3
elipmoc,0x499197314f9903a1ba9bed7ee54cd9eee5900e49,0.7943453192710876,5
elipmoc,0x4a5daa5e60d6128ea7ee21821f13ab625dad952e,,3
elipmoc,0x4ab4ebf4ffafb874517c9feb2433c9f925463eed,0.8935956954956055,2
elipmoc,0x4ad96fc9f73f84ce7c543af44bdb0279b95a422b,0.8420616984367371,5
elipmoc,0x4ae4aa1fcee87dffcac0a346a1e201f17a2ed26f,0.8850308060646057,4
elipmoc,0x4b6ddb08e3ca085dd52266e7fd8ec91010f6f8b5,0.8169461488723755,3
elipmoc,0x4b855725bb816b7e2b3e67bcffe0436b407675ae,0.6520193815231323,3
elipmoc,0x4b9c13e932de7597997d2f75e03616cba5413511,,3
elipmoc,0x4bbdeadf8334e8a85d3e22ec090af74c3a673118,0.8751062750816345,2
elipmoc,0x4bc78f6619991b029b867b6d88d39c196332aba3,0.7040465474128723,2
elipmoc,0x4c2e198cf5ee4ca4d6e9e0c1b2b954f9101c7fc1,0.894062876701355,3
elipmoc,0x4c78ea05e229dd85a4f8020874f30bc69fe15fc9,0.8896178603172302,2
elipmoc,0x4d0425e47ee2d16b94c036715dfcb52a0cebc4dc,0.9655820727348328,5
elipmoc,0x4d6ec066345e3466d9e970caad4732983ae4bc2c,0.9106613993644714,4
elipmoc,0x4e61ba9c25d43e802c6be8d160432e4989dea1fc,0.7203357219696045,2
elipmoc,0x4e67f72bae98f02f5d11f4455427128aa6969e87,0.8856964111328125,1
elipmoc,0x4e7f1707d2bd6d35015a76addea244e4345e17cb,0.8364487290382385,2
elipmoc,0x4f417f4c6579bfaf712026690317d90405ade95e,,3
elipmoc,0x4f800a45631f2c74ef2d37201adf417b3b90ad3c,0.8202678561210632,2
elipmoc,0x4f9048d95616dbf7acc16fc4179f5ac6ee37bce6,0.9880099892616272,3
elipmoc,0x4fbcfa90ac5a1f7f70b7ecc6dc1589bbe6904b02,0.7753832340240479,5
elipmoc,0x5030f2fc18658a6de748cb23cbac9b2df2595618,0.984206199645996,1
elipmoc,0x50abfc76b637b70571c301071f7ce660c1c3d847,0.8853984475135803,3
elipmoc,0x50cb61afa3f023d17276dcfb35abf85c710d1cff,0.9124539494514464,3
elipmoc,0x513c07e83237124e08672be4c8d481246d6f03f2,0.8785048723220825,4
elipmoc,0x51996c0a12526138815407bc61135fed50c0d136,0.9097921252250672,3
elipmoc,0x51a2b1a38ec83b56009d5e28e6222dbb56c23c22,0.893730878829956,3
elipmoc,0x51cf271deceb13b1711a9b5108917f43ea65fd05,0.8806378245353699,5
elipmoc,0x520ac2c0001f8be421951227b86ebd4e89a8c34c,0.4279385507106781,5
elipmoc,0x522e7ff686caf7ee5a4063b577ccc7f07054294b,0.718545138835907,5
elipmoc,0x5239f2580d5305eb56a06fe6b2c1506478d965cc,0.9348302483558656,1
elipmoc,0x5346d0f80e2816fad329f2c140c870ffc3c3e2ef,0.8495587706565857,3
elipmoc,0x5391362afb8614b60e0193c130abc8f3af372bb5,0.5849499702453613,3
elipmoc,0x53b04999c1ff2d77fcdde98935bb936a67209e4c,0.9496768712997437,3
elipmoc,0x53c2c4ee7e625d0e415288d6e4e3f38a1bcb2038,0.966137170791626,5
elipmoc,0x540834aa7a6f445b9cd960dd52ea41d382898538,,3
elipmoc,0x544789c586ddaed07ffb23f41ca1334232cb1804,0.8918754458427429,3
elipmoc,0x549b38e8e5fb1ba4acd4187d8b7c8a04deb53206,0.7896442413330078,1
elipmoc,0x54b0de285c15d27b0daa687bcbf40cea68b2807f,0.8974480032920837,2
elipmoc,0x54c716c88a3eb59f41e69f15d6714616fea64ed9,0.9725081324577332,3
elipmoc,0x5535a72556727c221c567e0fc4208c5a99dba1cc,0.826366662979126,5
elipmoc,0x5581fc099dfc6be7ddc5ced2880665d777477a76,0.505696713924408,3
elipmoc,0x55d722827c8e12504db5b4f3837bff2f43c9f232,,3
elipmoc,0x560a20eddeddf84217221aef0d5ca7d7ae7ae798,0.8926341533660889,4
elipmoc,0x56eed4c191ccd1c7a0b1ee5dcbc371814e7e5c1e,,3
elipmoc,0x570f5f99b4943edd9ee59776e9d3d0dba955f8c4,,3
elipmoc,0x5719ccc045330b53c84e399231c85bfa408cc1f0,0.9186598658561708,4
elipmoc,0x575cb87ab3c2329a0248c7d70e0ead8e57f3e3f7,0.9103512763977052,1
elipmoc,0x57ce4d3b0260bd93c420119ad867580654334143,0.8458516597747803,5
elipmoc,0x58fcf11196abaeefdf23198ec4ec9c5237963e17,0.7926506400108337,3
elipmoc,0x592f9b9a7d7aaf70fd6b4de9883a62ca888de702,0.918418824672699,3
elipmoc,0x5943f3aa6c8c276a41b71c06ae9b37792866fa10,,3
elipmoc,0x599ce9e4da4844ed1e6a22e4e19a0b998c6b5702,,3
elipmoc,0x5a502f7205c36ace7d457927b4b1f3a48baedeb2,0.9452396035194396,2
elipmoc,0x5a52d88754c5b56c24f4c5e78ebb74ccf1666c87,0.9612407088279724,5
elipmoc,0x5a555c2649f90302f453520e57dd9947784a4f3a,,3
elipmoc,0x5a6303a5753f91d07d191607983562a313ba14b7,,3
elipmoc,0x5a8658de344972fc8b6b6a01cd87a64bc7420a38,,3
elipmoc,0x5a8f9a2533ba8d11e743455ab338391d56f5ee6b,,3
elipmoc,0x5ac203c782fe5b74ece9cb4ed13b0597bb5c872e,0.5966121554374695,3
elipmoc,0x5b03686f4e484d8e0dc372628d35d49f9b30f7fe,,3
elipmoc,0x5b563e2515e089f11509ac18510d9346f492d56a,0.646012544631958,5
elipmoc,0x5b8ad60798ec10ad36e52625ff881801240c491a,0.8244840502738953,5
elipmoc,0x5c0f734916b17c38674ed5867eda22f8314672ec,0.971038818359375,4
elipmoc,0x5c15d6ac5db1a093ad57c383ffe11bde48b8241e,0.786419153213501,3
elipmoc,0x5c5abd9c0f1c9b7305334944f47caa4b32703eef,0.9777734279632568,1
elipmoc,0x5c679a0a79d495affe049c02483519d51e37f32b,,3
elipmoc,0x5c6b491eda3b6610a0cf6d62b8a721c92ad33d44,0.9766345620155334,4
elipmoc,0x5cb888182fbffdb62c08fb4b5a343914f00fdfee,0.9667867422103882,4
elipmoc,0x5d11337d66c909c302491ecac47594bcba441491,0.8180568814277649,1
elipmoc,0x5d269f0280ff406c61535623ee37a45cd22f4dd7,0.8510236740112305,2
elipmoc,0x5d4456d1f4203645fd9c194e654594a72d5e6c76,0.0,3
elipmoc,0x5da60592329d7651ff3415ef7f3d3ed91d1c2f24,0.9106848835945128,3
elipmoc,0x5dc8bc1418b17aeb7f73351220aa0a3f520dc8fe,0.8035062551498413,3
elipmoc,0x5dd4cd8ec1fd73452be387e8abbc70d4d200478a,0.7625587582588196,5
elipmoc,0x5dfd352590e02562832e99917f15f9645a13f3ec,0.827225387096405,5
elipmoc,0x5dff4aaf908d4c800bb61027a0aa1452d446a6d9,0.8839054703712463,4
elipmoc,0x5e61ef7212519d8282b63ae4fa037d5584474ade,,3
elipmoc,0x5e9a063dbc650944bdc824bd1c3b3196a5f1f582,0.7841529846191406,1
elipmoc,0x5ec18b477b20af940807b5478db5a64cd4a77efd,0.8075334429740906,5
elipmoc,0x5eee354e36ac51e9d3f7283005cab0c55f423b23,0.8809276223182678,2
elipmoc,0x5f1a08554f0dc0cf79852c564a10981ffbd7c8af,,3
elipmoc,0x5f4599a9512372552d2b3abeeb9f9095c7514576,,3
elipmoc,0x5f875083f7f3c71ee347a37bd3e234f60c062cd0,0.8810676336288452,1
elipmoc,0x5fc516dadc9f55cf40a415bab5ae56202ed68396,0.7961443662643433,4
elipmoc,0x607e87cdc8bf7707c95c2de208256e350a7d3239,0.8213935494422913,5
elipmoc,0x60b4e5c79f7bfdfbfb4d62cbc0aaa01eb5806e45,0.9630072116851808,3
elipmoc,0x60d5e18cd69f0cd2860fb2543a44df026875b83f,0.905815362930298,1
elipmoc,0x611ae0be21a9c0ab284a4a68c8c44843330072a7,0.7077015042304993,5
elipmoc,0x613217fd0ae3a898cc97ec9a494fb43a4ac69e8e,0.8623180389404297,4
elipmoc,0x61544d03fec3db9b8d55b084bee1f9d062f7510b,,3
elipmoc,0x61658990dfdd653aff5198e209a688c5195b5c79,0.8275236487388611,4
elipmoc,0x61ab321758fe7a302026b8831d1532c7c9cebe21,0.8701884746551514,3
elipmoc,0x61dc161b06088b9cbaad53391134929a83d1eb7a,0.8426822423934937,4
elipmoc,0x61ea46d23b5ead47be7dbb9d54d185dbd7137dc4,0.8553299307823181,1
elipmoc,0x6288c6b68f06b1a3fd231c9c1cb37113a531c912,0.9210414290428162,1
elipmoc,0x6329316475a98027e62246d25e4a5ed8d7f9fc51,,3
elipmoc,0x635783f8dc5e941fc142235ea44cc3529c17695d,0.6731156706809998,4
elipmoc,0x6400b5522f8d448c0803e6245436dd1c81df09ce,0.9474263787269592,4
elipmoc,0x640f719bff8f02c37b36f3ee3fc00f85a4b16fbb,,3
elipmoc,0x6418a8b4ff1f0b07f93e9212a106a66bd21499a7,0.8818296194076538,4
elipmoc,0x645f0c9695f2b970e623ae29538fdb1a67bd6b6e,0.0,3
elipmoc,0x64704e92440ee2f94d2cc2f4b8b662a292cb7b3b,0.9112833738327026,3
elipmoc,0x64d581770b541b5609140232fc12f47bbe0fe6bc,,3
elipmoc,0x657f73cb1877eb98ddd3381d825613336d8b8dbe,0.7158512473106384,3
elipmoc,0x658d9424da329087a60868957f9b1d1edd1d6f34,0.8793367743492126,1
elipmoc,0x65b6b495730371a807915441ed337f09d039bc66,0.7777656316757202,4
elipmoc,0x65bcf8de5c59ee18a69733759c3b8040416c8fa2,,3
elipmoc,0x65e68b87f1380b92692f7af47cbeff917ee27a16,,3
elipmoc,0x65ff0b637bcfd601c1f4c38dcbbcf0b5c657210f,0.9321727752685548,1
elipmoc,0x6651562d6251953dbee83d80c4014eb3f4c00f55,0.9360478520393372,3
elipmoc,0x66a9f1e53173de33bec727ef76afa84956ae1b25,0.7626745700836182,1
elipmoc,0x66ec7145b52cb088e79306beb3d26fad0935f8c3,0.0,3
elipmoc,0x67119bbdc1683df2ad85ccea4304619f5d62e000,,3
elipmoc,0x675d3fec99bbdee31b8d562a5f9396c445304016,0.8407214283943176,1
elipmoc,0x675f070e80f89ddcc3f2457d9fe571814741e904,,3
elipmoc,0x67601d7a7cbbd77368785122c508503f168b1daa,0.9676880240440368,3
elipmoc,0x67b05fa2ababcdb3e1a1635868f58f9652bd3298,0.8893564939498901,3
elipmoc,0x680ec9492d8372662dd439294bff2bd373e96309,0.8823332786560059,2
elipmoc,0x6869b8e23b1de74aa9376ec2b5f194bb9aa08cbc,0.9093048572540284,2
elipmoc,0x688dde13bd594a9030feefe6fa39cb353b7351c7,0.9238345623016356,2
elipmoc,0x68af0f18c974a9603ec863fefcebb4ceb2589070,,3
elipmoc,0x68c4b7d05fae45bcb6192bb93e246c77e98360e1,0.8391624093055725,1
elipmoc,0x6947c40ba3fa0e0b2689ea3983e57b746d4568a1,0.7160115242004395,2
elipmoc,0x6959f7fa12392b93e6af39c300e67923928b184f,0.9619461297988892,3
elipmoc,0x69d1ef860246fa242041bf1d784e8cb43e2a9b07,,3
elipmoc,0x69e13cf732101abb92b876db6d5f44012b05967c,,3
elipmoc,0x69ed072262c41b72b335df4b1a80d31513e0f00f,0.8576892018318176,1
elipmoc,0x69f3893ab937356c55feeddb0b69da0e875e9930,,3
elipmoc,0x6a4b6316d1d03d2f2b3a0294502f8faf0f38ca14,0.8689688444137573,5
elipmoc,0x6a57883b5748bf3631ac2e0d43bf0d6f6cbcd16b,0.8963236212730408,4
elipmoc,0x6acd16200a2a046bf207d1b263202ec1a75a7d51,0.9017221927642822,2
elipmoc,0x6ace03f517ae15f1a8d1b6811d23f7aa8c295be0,,3
elipmoc,0x6ad817b9020adcb10b4a08e713bae0980385c674,0.8934345245361328,5
elipmoc,0x6b0611c65b53e72429d799ed512d0da123ac0fb9,0.8408788442611694,3
elipmoc,0x6b523ae3367e8b769c430f4f3c8cc6dad35fa282,0.908390462398529,3
elipmoc,0x6b58cd5fa36ce03ec007ddb102c1480e1217832d,0.7258411645889282,5
elipmoc,0x6ba91780977db9ce9100a8492de162441d875f47,0.8531255125999451,3
elipmoc,0x6ba9908db7340f82e75ac42468b8172dbf37c1d6,0.903851330280304,1
elipmoc,0x6bb545b8a2e869009487eb7e5e045178b7221e36,,3
elipmoc,0x6bf4ac662f183f3ba1960bd6d6691b7613589d23,0.7747898101806641,3
elipmoc,0x6bfd14b85d863408fc2df06cc4f9808d36930fa3,0.8063650131225586,2
elipmoc,0x6c221dea36d48512947bde8aeb58811db50dbf6f,,3
elipmoc,0x6cc12c718c924c63b9fa90cff0722054e408049a,0.7140291333198547,1
elipmoc,0x6ce18683c4b38ecba1804618d0e3578095d31eec,0.8130645751953125,2
elipmoc,0x6ce8b8eed077f9b49c1fa684008ebb7562bb41ad,0.9589207768440248,5
elipmoc,0x6d903f6003cca6255d85cca4d3b5e5146dc33925,0.8039668202400208,2
elipmoc,0x6dd188556cfaef2f4c361cf4f1f8f3eaf5d05ee2,0.8486729860305786,3
elipmoc,0x6dfdec940b83e424c1433d08b2e6096809d3698b,0.8657610416412354,4
elipmoc,0x6dfe212d1461014be1781b0be710dda1c036d8ef,0.8961908221244812,2
elipmoc,0x6e90000083dcaae8a66c9b703329be56a967028c,0.855564534664154,5
elipmoc,0x6f2deef18421ba39065223b23ef38666b3052a46,0.8699604272842407,4
elipmoc,0x6f303642844f734ad4176d0dfe93ef7e0776ef46,,3
elipmoc,0x6f8a4241eb46e2db6793d5bf184542f32e86e27f,0.7984095811843872,3
elipmoc,0x6f95f1ce0c8d0257fe993b2358aca29ea0506943,0.9526581168174744,4
elipmoc,0x6ff1722ed92cb5ad4b2e7c85b8d44c4d8f9e7856,,3
elipmoc,0x6ffbd6b41b802550c57d4661d81a1700a502f2ab,0.9676441550254822,4
elipmoc,0x70135f213345cd39370c767150dab36b4a385f12,0.948034942150116,2
elipmoc,0x706b36a1f11457b31652149b77a3fef16575b808,0.8133389949798584,3
elipmoc,0x709865523b61c905a10dcc317d5578af3180d577,0.865115761756897,1
elipmoc,0x7099ea5286aa066b5e6194ffebee691332502d8a,,3
elipmoc,0x70f9eddb3931491aab1aeafbc1e7f1ca2a012db4,0.8151233792304993,3
elipmoc,0x71161dfbf5bd789e38a4b4bb8706fdceb2436ab3,0.9267207384109496,2
elipmoc,0x714c1ef3854591d4118bd6887d4740bc4d5f5412,0.7288644313812256,5
elipmoc,0x71829ed960594f5e764b9854c89a308c70500432,0.7478936910629272,1
elipmoc,0x71a42fd60323204912468cd32a8283ed5d45a28f,0.6802024841308594,1
elipmoc,0x7209450e0ab4067b7716c82751d01d72a0e87c8e,0.9759061932563782,1
elipmoc,0x722baa20d3b42fc1ec0b63fb84ba3fda47da4a26,,3
elipmoc,0x72cc9d8e0a8034fecd2159fb2a951efe8b49f5ae,,3
elipmoc,0x72d9513547252dbf5377e0ab9ad310fd88b52415,0.8907772302627563,3
elipmoc,0x72ee07223ad92dfd9e37ce03ad795b1aeddd28b4,0.9338080286979676,4
elipmoc,0x72ef69c092e9388334a868804055ac3fa350d1a5,0.8955605626106262,4
elipmoc,0x731ea4ba77ff184d89dbeb160a0078274acbe9d2,0.8719633221626282,5
elipmoc,0x73d9e7e5aa720d3867449b111b4136cfab83a5bb,,3
elipmoc,0x73f09b50960f87af26ff4817a93c0f5efd0aa9e2,0.5946373343467712,3
elipmoc,0x744dd2ab719e670f883b036c8a335eb6db43137f,0.9662854075431824,3
elipmoc,0x74567d0ed4e11bd406d5e48c9074fda4207a5f37,0.0,3
elipmoc,0x748f9a0ac36b123c7e4f687f7737f759628c4392,,3
elipmoc,0x749b689079787858cf34f120a5101b00a1d7dc78,0.989049792289734,4
elipmoc,0x74c2eb8361f45f4f5cb89819ef4c9c22bf7878c0,0.6402717232704163,4
elipmoc,0x74ccb8e25e01dab91ea955ec64ac1bdb054f6567,0.918066143989563,1
elipmoc,0x74d13225bc488397212e63dc38b497f6aa7a7a69,0.9553120136260986,4
elipmoc,0x75cb629408d1ea387df0a1f755e0bc371a5fa036,0.908943235874176,1
elipmoc,0x7615882d2c0dba1913623c5a4c50fc345723d013,0.7518413066864014,1
elipmoc,0x762a7ea687d5f9aaed98eb4c5e597b43652af7ff,0.5702474117279053,2
elipmoc,0x7675de10fe92ec4661438d0b502bcf280898c043,0.9528528451919556,3
elipmoc,0x768e66ef1ea28ec0b1380a71577a2a83d78d32a4,0.7929456233978271,4
elipmoc,0x77e4af571038e876ca322fa91977ec9cb6671931,0.9140594601631165,4
elipmoc,0x780c98cbb0cc21d6617c05332bd5cf6f847c71c2,,3
elipmoc,0x7824134a725e63a5f0bb2bb47b57239adafc147b,,3
elipmoc,0x7839624282f5f00b48adc70d0756228c433966d0,0.9519426822662354,1
elipmoc,0x7843e028d85a5cf771a5a1f3c1ecafd653b45483,0.6545475125312805,5
elipmoc,0x786018160e9224bad5a9633d5951c88ad1bec7f6,0.7829543948173523,3
elipmoc,0x78d12fc8a093fd1164c6f408351763bb0e0cc812,0.7407037019729614,1
elipmoc,0x791ec772063d0084867d10657ba9633ea3de5d09,0.801596999168396,4
elipmoc,0x7935f93ededc53ef246e5f9c03f2cb323b1326e4,0.7979064583778381,1
elipmoc,0x7963aa3202d186e0da113423da0fccf879b69cb2,,3
elipmoc,0x798b1eed1ed90df11adcd688bb42888dd20ca0db,0.9522051215171814,3
elipmoc,0x79e10a7324e97ef9d6ab9f5dd069b847f99ee851,0.9566646814346312,2
elipmoc,0x7a3822a45dd6e6c91cc87012b3059266106e122d,,3
elipmoc,0x7a5793566dff9698a666ddafd9c4727934672659,0.9046807885169984,5
elipmoc,0x7b3c4d90e8af6030d66c07f8f815f9505e379d6f,0.8610130548477173,3
elipmoc,0x7b880b6c40553ea3f1aa6f2c85453c441fed1f7d,0.8504466414451599,3
elipmoc,0x7c0f10bc53c0958e0edccef87a088f52c55843db,,3
elipmoc,0x7c5249ca4de547d388c056139043e876963b1633,0.9200723171234132,2
elipmoc,0x7d09edb07d23acb532a82be3da5c17d9d85806b4,0.9303752183914183,4
elipmoc,0x7d60b8434b2ee40ca99774010a3a8de2375f61c5,0.8739774227142334,1
elipmoc,0x7d7caeb5badbda7bb803fd2ad3b60396f60e897d,0.8183452486991882,4
elipmoc,0x7dce85240d178ae61e91aa82ecdc2048d1ca052f,0.9369582533836364,4
elipmoc,0x7edd7e5a4ce499ea498d5c076f744f52ae00f81b,0.7991876602172852,3
elipmoc,0x7ee65fe55accd9430f425379851fe768270c6699,,3
elipmoc,0x7f3e7af72b565d508ce63abbfdefd0161390c9ed,0.9800360798835754,3
elipmoc,0x7fee3ef2b3007ee4998df0c4f3eb493b5d168641,0.9219672083854676,2
elipmoc,0x80ba3b3780187eca1ca7b4f8636549ac1f0c1faa,0.8406960368156433,3
elipmoc,0x80e38d47b1dda527e45c353f6fadd133c7c21f35,0.7412017583847046,3
elipmoc,0x80e4f014c98320eab524ae16b0aaf1603f4dc01d,0.757171630859375,4
elipmoc,0x81171df8191b837eb73bdbefc573b2a3047b61ff,0.902485489845276,4
elipmoc,0x8189eb9370ceee0b98d83cc9bd152f98991122e3,0.901611328125,3
elipmoc,0x81abbc00f3ce78966c25ddb5832f1f0a91381ba2,0.8864837884902954,5
elipmoc,0x8207bcaacd247a03fbd68e1a941092fa678cf492,0.8759417533874512,3
elipmoc,0x820b5d21d1b1125b1aad51951f6e032a07caec65,0.883190393447876,1
elipmoc,0x827b358e0b2a1d795ca0be2b90e1b2da6fe12536,,3
elipmoc,0x82cc62a5441c4df93acf0d2cf63e25060289e847,,3
elipmoc,0x833161e61337b6b6a4866cdffabaf20edf25ae77,0.8498238921165466,4
elipmoc,0x833ede3050c27d88e5da6922a312e3fdc15be29b,0.9448904395103456,3
elipmoc,0x837ae66bfbcdee3f5d07a051c17401e5636d77b3,,3
elipmoc,0x83ba853b8196bb51c148dd762a827c703b156450,0.9412632584571838,3
elipmoc,0x8427eb8cc2f86a778bc9554e808bf02fffc32f6c,0.8665884733200073,1
elipmoc,0x84443f61efc60d10da9f9a2398980cd5748394bb,0.9373441934585572,5
elipmoc,0x84eeca28082982abd1d68eadf2c5f509dd181bad,0.8081673383712769,3
elipmoc,0x859a46bcab721b97af727cd4be4a7d84f6d8880b,0.7776550650596619,3
elipmoc,0x85cef9f957c644e91c081eef2e5da318458778b1,0.8669151663780212,3
elipmoc,0x864a060a41011c3ecfef460029482bb4d3cc80c9,0.9183752536773682,3
elipmoc,0x871df24bcf3a0ba05fded754a2dd4368e9b29145,0.887508749961853,2
elipmoc,0x8796e9e3b15869d444b8aabda0d3ea7eeafdea96,0.835740327835083,5
elipmoc,0x880407c9cd119bef48b1821cdfc434e3ca3cd588,0.902158260345459,4
elipmoc,0x8815dfae43dd8f6e772cb700b4721d1deab0fac0,0.807615339756012,2
elipmoc,0x88355a32a8c5cc399aa09b9d21ebcba935ae5d2f,0.85888671875,1
elipmoc,0x88496dd0bb932b060e9c7c4ddc8e1b72b1e39451,,3
elipmoc,0x888a0f7d4f95a191f59b529384c6e127a5fd289c,,3
elipmoc,0x8895d5f9deb4840c6282c11faa7f4f471e0f9740,0.8554249405860901,3
elipmoc,0x88b4cb056467cdd50e1760d309b18139ce31b3c5,0.7285184860229492,4
elipmoc,0x8937a0ab96e07edbd93cbd473174fe9b147cda4f,0.9545075297355652,3
elipmoc,0x8942a5995bd168f347f7ec58f25a54a9a064f882,0.9201677441596984,3
elipmoc,0x897c6cf1996edfb2126703dcecf038df646298fa,0.8240071535110474,5
elipmoc,0x897d6c6772b85bf25b46c6f6da454133478ea6ab,,3
elipmoc,0x898cae9474b6ddd35d1c4fe95f33dc269158ff1a,0.8780604600906372,4
elipmoc,0x899f9a0440face1397a1ee1e3f6bf3580a6633d1,0.8405234217643738,1
elipmoc,0x8a3c54eff8ebb861c9c6ad066cbb9da08e9a8cdf,0.7806856632232666,1
elipmoc,0x8a451bcd32a78661678e08a724c9f759906fd2eb,0.767200231552124,3
elipmoc,0x8a99ed8a1b204903ee46e733f2c1286f6d20b177,0.9096511006355286,1
elipmoc,0x8ade9bcda847852de70bada69bbc9358c1c7b747,0.0,2
elipmoc,0x8b7d07b6ffb9364e97b89cea8b84f94249be459f,0.8621544241905212,5
elipmoc,0x8c20d8d54771df6ed6728ca7413ae95e2e5f14ee,0.9730703830718994,2
elipmoc,0x8c7543714e76ebaddf0d28348d626aff28e80ff3,0.7988000512123108,4
elipmoc,0x8c863333c2e92f02e01f7a3c6d131e4d59f78990,0.0,3
elipmoc,0x8c8ccb81d436b0f3017664441c39cbefbd64650f,0.9242684841156006,2
elipmoc,0x8d6b6f21e4519ec10f54842cd9c113ee7e50e04a,0.7564558982849121,3
elipmoc,0x8d6e79f25302dee4caaf9187fb1434c4a1465c3a,0.8349544405937195,3
elipmoc,0x8d7b45c16740e617c3444edf2754938c5b787297,0.9004710912704468,2
elipmoc,0x8d8ff7ea7015326d7fef637e4e9461207c8ff412,0.9081856608390808,1
elipmoc,0x8ec513a2cc3f4c661362b6eb65cee82bd97f1f70,,3
elipmoc,0x8ecb6d18b2163d955fb9171fec1fb4f9382001bc,0.9288400411605836,4
elipmoc,0x8ed6ae0903c66484bcafd7528d284b324207f620,0.9682344794273376,3
elipmoc,0x8edcce0beb122b74d127de716f217a6630efb453,0.7188735604286194,4
elipmoc,0x8f768f893816df4e0699b1e7460223b9ba321c7b,0.8113090395927429,3
elipmoc,0x8f9ee4f2a83670b0c775157e12a43e068d191218,0.83562171459198,2
elipmoc,0x8fbb7bd244440673328970484a96c5e9d95f6865,0.8503838777542114,2
elipmoc,0x8fd1a3ea61b1456be58e38b8c1bea49acb84b7fd,,3
elipmoc,0x8fd1e427396ddb511533cf9abdbebd0a7e08da35,0.9032148718833924,3
elipmoc,0x8fe19c447821b4cdcdd5012bca1b5469ca96d80d,0.8506333231925964,1
elipmoc,0x90155a208f61880f76cd0b64b15674de2f775e1b,0.6336880326271057,4
elipmoc,0x9176a610d56c72c57e3bce5bdcbf2b400dd63066,0.9151930809020996,1
elipmoc,0x9189ce85444bca0a2cc5bd8a4e7a07712e8fbfa6,0.8617173433303833,3
elipmoc,0x91ae7d824e3e5e97c9ed5a325b90151415c54da2,0.9646267890930176,4
elipmoc,0x920a3ecd027901af47dbb00037a152ff0201a862,0.8812972903251648,3
elipmoc,0x9212aae431d079adadf1041be4cf2db4a929fe63,0.6839390993118286,3
elipmoc,0x923c90b98ee834d118c85ddf44906ee1769df648,0.945281744003296,4
elipmoc,0x92579f2fa430b20bf6ce9d19938fe061aad992e2,0.6202269792556763,5
elipmoc,0x925b8c327d0065827977d08f8009dba33ad9f450,0.8566738367080688,4
elipmoc,0x92891fb5abe9049e181ca49ce04a9872c0c1ca44,,3
elipmoc,0x92acd2c2442eb6242960bda85c4ea8ee34bcd61b,0.8727404475212097,3
elipmoc,0x93065b5c7eb63333b8e57a73012d25f687895785,0.906158208847046,1
elipmoc,0x932fc462d97e23e9fe8d5a1f085d9d611b892666,,3
elipmoc,0x936d118702ad19aa39d6e0aed5efd434a577f6bf,0.8815415501594543,3
elipmoc,0x939f33685887787b0d11790a43095ad80e5b5dc5,0.8468385338783264,5
elipmoc,0x93d812bf90a575d628e246b0966505a9e466f534,0.9432154297828674,3
elipmoc,0x940c9515085de7e73efc89967d26a2306554a043,0.8149961233139038,1
elipmoc,0x9419fbecfa0a9e38a96be2d818daa13dca72396e,0.8862746357917786,5
elipmoc,0x94249cbca4036c381e2a7ce4f64278146ba7d483,0.9391669034957886,1
elipmoc,0x942eae45efbf63dfaaac03203b5ccd61d0ee77ab,0.630706250667572,4
elipmoc,0x94988e076f23ef94d05a1cc285f2055d54334b78,0.8610225319862366,3
elipmoc,0x95353d92cae5d9403583d2657af6d06843d7ec09,,3
elipmoc,0x954730298304a0b4b4c885244695aed5e0a8a27a,,3
elipmoc,0x95b34d8f8802e723bd71523643dce3ed5cfddac2,0.8540526628494263,4
elipmoc,0x95cc9c7bf003d948dea3a5a95116f7fd9ca43778,0.8733776807785034,2
elipmoc,0x95d4e8bfdff6e525e8d6f9ee57d375d8bd2e547d,0.7950900197029114,4
elipmoc,0x95e991e6e39b414ca6b73ada350be6e502fdce8c,0.9671919345855712,5
elipmoc,0x96e555b1fc5f2cffea77eeedbe962cf5d2fa83c7,0.9057664275169371,3
elipmoc,0x96fee422ec618ad130d0e9b7850a9c80cda2da95,0.9328863024711608,4
elipmoc,0x971fdec17b5f70d98d3a1017034499cf7172d9b4,0.9587931036949158,4
elipmoc,0x977ef63c89963fe7d32764a51e1882ca6f9970e1,0.8328904509544373,3
elipmoc,0x9798d857476de56c066abb4f8395e8f061893bac,,3
elipmoc,0x97c28151617f7361ac7ebff5f7c864d39947e73f,0.87734055519104,1
elipmoc,0x97c9e0eccc27efef7330e89a8c9414623ba2ee0f,0.7998913526535034,1
elipmoc,0x97e9c7678b34b09bdb404bafd573cafc4240a5d2,0.8736122250556946,4
elipmoc,0x986ee2b944c42d017f52af21c4c69b84dbea35d8,0.0,3
elipmoc,0x98ca85c59dee34dbc26667eac04f13e39f5f765a,0.8069730997085571,1
elipmoc,0x98e99289a5ee16367dc45c30cf08bda3c2926e86,0.9491949081420898,5
elipmoc,0x991871cc8f8f5f0146141ebe908a16b5889d9250,,3
elipmoc,0x991f09f2e5dd6d1f3ff7f72d0dcab964d4c8cbbf,0.7299109697341919,4
elipmoc,0x991f0e5c5775ca9dd02e30e67f545c36cff3690e,0.8999566435813904,3
elipmoc,0x99352d1edfa7f124ec618dfb51014f6d54bac4ae,,3
elipmoc,0x999d332eee57452cf07bceec365fd35ba5c142cb,0.8535250425338745,5
elipmoc,0x9a0544f72bb87515d77924a66b408935557ad76e,0.5993184447288513,5
elipmoc,0x9a155b13d3173e9e2d35623b465abf9da43ca4b1,0.8780632019042969,4
elipmoc,0x9a688e01028670141e4e0551560c7bbdc28d006e,0.9686228036880492,2
elipmoc,0x9a6a87ff80a327e10f995e747e77d4a29999175e,0.8744592666625977,5
elipmoc,0x9b0e41d224385d0648d033ab49c9355040d73b94,0.8546772599220276,3
elipmoc,0x9b2d640906a77079f9ece2104f7f384e31849a8a,0.8374510407447815,3
elipmoc,0x9b2de3808e64a2a7ddfab46e991d9f354acde54d,0.9806304574012756,4
elipmoc,0x9be0754df1f8ebf8d6a6fc86e0bf186aa3f7a4f4,,3
elipmoc,0x9c099997100fe55041b2028332a027ad7004aac4,0.9020269513130188,2
elipmoc,0x9c6a68be3b5bfa059af5da21678ff3cfe4426fdb,0.9753549098968506,2
elipmoc,0x9cba40c86b83a88bd5663cac07843a37ccb753cf,0.9267898797988892,2
elipmoc,0x9d7c2a11322416436f0827e7bbdb3ae40ba693f9,0.9105329513549804,2
elipmoc,0x9dcd9a815bfe85593eb65901e1dbdde4073738b0,0.976196825504303,3
elipmoc,0x9e4ad79049282f942c1b4c9b418f0357a0637017,0.9398206472396852,4
elipmoc,0x9e61d86dba4c130629b8dcc4e30fc06758a1b8b7,0.0,3
elipmoc,0x9ed484129f09e5a90a13f4e914a0bd6fa08ceba7,0.6248427033424377,3
elipmoc,0x9f2cd125603b15037c922f442740b1b9535d484f,0.8707230091094971,5
elipmoc,0x9f8c9b1208e55a3c68b668d14c749d6b80519081,,3
elipmoc,0x9fa148edd31e8afde3cc766a12131409d34382c0,0.7639789581298828,3
elipmoc,0x9fb2fd4bce3061b826bf1a0b53b737c6f3e0e586,0.8310028910636902,1
elipmoc,0xa042a3079a45ca1fb586b8307bcab9b8f8a85b27,,3
elipmoc,0xa04e5b78fbd31caec8f8af126d00a57f56c1f7ae,0.9135451316833496,3
elipmoc,0xa0823a43a0058e7e1e4613017c4aceeaaf98c725,,3
elipmoc,0xa0d031c090974d2bdb0ffc22124f08532e1dc768,0.93983393907547,3
elipmoc,0xa0f17fb833a7a4d92c90c1908a5c9efd7175a4e0,0.8854967951774597,3
elipmoc,0xa2562cd0d8620dc2bec07872ecaadd4b6fbdc02f,0.6630482077598572,2
elipmoc,0xa354eb47a5824d6abb2422344852c009b7bd822a,0.9123435616493224,2
elipmoc,0xa3ea961ea44bafa061fe7b2ece819d2a8ceb69b2,0.8923529386520386,1
elipmoc,0xa4b373c22477e95c33de40bb6cf600b063279e5c,0.9130489230155944,2
elipmoc,0xa52c8371d379d7036a862673b08bd73faf4660fd,0.8688992857933044,4
elipmoc,0xa6239853ff98b88367f6fcb003790654395d322d,,3
elipmoc,0xa63a04cf9c087ea74f713d43f2d5a067d7ec7b5f,0.7914431691169739,5
elipmoc,0xa63c2427e3d77d207027be63daa21efb7112bc34,,3
elipmoc,0xa674dce2a28251af521656219cb7ce71d0846642,0.9302099943161012,2
elipmoc,0xa67f436597852efa3967be824abff57f72c2f6d9,0.8883997797966003,3
elipmoc,0xa6b9fd81d11122d150ffcc33fae17236a8342816,0.6777381300926208,1
elipmoc,0xa6c76471cc89cff4e65cc1fc36613f3c31e4d0d1,0.7395330667495728,4
elipmoc,0xa6d93468c1f16f2e1009ec321251f0b3147117b3,0.6239351034164429,3
elipmoc,0xa6ff5301cf8019001e4f56a68d4464235067d59c,,3
elipmoc,0xa77cf14e0bda66f94873498ed15e1eaf183d2fd0,0.951862633228302,4
elipmoc,0xa796d1d9a97bcab5abab9329b8f020746e0a0bdb,0.845997154712677,3
elipmoc,0xa7f598984f6a77da416efaaf6ff18f5f7b9eeab2,0.9600579738616944,1
elipmoc,0xa85b55495a6c7fe7d41dd2494d42be2622ee20da,0.8504663109779358,3
elipmoc,0xa8df33a40fe2e3278e4d94a974f70778043fbd20,0.8046605587005615,2
elipmoc,0xa8e35a8667b88e73e17cd1337b17f04167234e41,0.7594415545463562,5
elipmoc,0xa96450d3386ece22db20b0ac96ef5684b6d95d53,0.8634978532791138,1
elipmoc,0xa965fb4db32d8600edcd5cc102a43e798bc3f08f,,3
elipmoc,0xa97ff44cff7101fac76af172f088f400f28cb4e9,0.8656377196311951,1
elipmoc,0xa9ab8efd9b3ea455d0b3e80773c0dd78bc258160,,3
elipmoc,0xaa1ac1c849df066704f76b190af24724f6fa247c,0.7900504469871521,4
elipmoc,0xaa30f96f7576fdb195142b3d8efcf7cf712e1591,0.8328527212142944,3
elipmoc,0xaa39e9e8e3b45f163434f7ead8ddd846877619df,0.8290043473243713,3
elipmoc,0xaa7427d8f17d87a28f5e1ba3adbb270badbe1011,0.9030305743217468,5
elipmoc,0xaaca0e4d849169d9e707a43621f190ef87d3fe4b,,3
elipmoc,0xaad05381e621226e2951b3256d7aca6912cbda6a,0.9689892530441284,1
elipmoc,0xab52dd1376b8857e981556d14f3b914a68dc2bd8,0.7052555680274963,3
elipmoc,0xabe13c70ea6b82348dc1c2f71db014cbd7befc0b,,3
elipmoc,0xac0007d373df6ee6f0df62e85084d5af4db3740f,0.6629304885864258,3
elipmoc,0xac0a3337e7d50da5c35bee633803cf904e2e71f5,0.9556714296340942,4
elipmoc,0xac0ef38712138479ed76e0184937b753239dab03,0.9625001549720764,4
elipmoc,0xac83edfd549ca5eaf55b21fe936dd9529403152a,0.9540863633155824,3
elipmoc,0xac935d89f390c700e69230b369cb83e7eb0ea3d2,,3
elipmoc,0xace02b9be2e12d65c03bf1a4c3cb3c96d99446b3,0.9424728155136108,1
elipmoc,0xacf999bfa9347e8ebe6816ed30bf44b127233177,,3
elipmoc,0xad078f05b048ca1a5025d1943cce35da6bf42aa4,0.957892894744873,3
elipmoc,0xad0a61589f3559026f00888027beac31a5ac4625,0.8694658279418945,3
elipmoc,0xaec7e8c221c3fd24e75c996e32289235fd899ebf,,3
elipmoc,0xafb7ae966a9a7801beace4a7d5bbee91d860f616,,3
elipmoc,0xafeb70ae58052456772f0d5e7a42e13fcd2a429e,0.9457923769950868,2
elipmoc,0xb012e882c82ef3ca0ce526f2374887b4429a7228,0.8658700585365295,1
elipmoc,0xb016eb4bc7146cfea3af2269b4da1a0e7e85745b,0.8941857218742371,4
elipmoc,0xb078c6c920bd68d3cdc9ab9e544b5bf0f45ead4e,0.8885343074798584,5
elipmoc,0xb0bef286a13457b963c710fa7765961d09a27c63,0.8869667053222656,4
elipmoc,0xb0fa64ed5b2a4f730fa79b9fe3ac4e2c0c2100a0,0.9364095330238342,1
elipmoc,0xb104df39250112eda59b27f5db7013c7ee132d50,0.7397873997688293,4
elipmoc,0xb186afcd36a6403ec957f5c74482aaac13b87eae,0.6505411863327026,2
elipmoc,0xb1d9f149e833510a3af3ab54dc1568ad11244bf7,0.8205708265304565,5
elipmoc,0xb222e54b336bf4834953eac0a5bd0c1aae2079e9,0.7899429798126221,3
elipmoc,0xb24c5478f747864704b958dfdd6b9b10304ce469,0.8685151934623718,1
elipmoc,0xb27c8aa885cf8a16a864f593951067d754494672,0.9492969512939452,3
elipmoc,0xb2d5468cf99176da50f91e46b2c06b7bdb9d2656,0.6635140776634216,5
elipmoc,0xb2f6ebe8e606e7b18c78b19a3c5969618fa599da,0.7419734001159668,5
elipmoc,0xb3b33f59174f2ef62167770e4c9cabaa3879eb5d,0.7707408666610718,3
elipmoc,0xb3d5b5cea80ac61083ec9948b4b507a0f22df71a,,3
elipmoc,0xb41ae4f3a164145629602468ecffcf0eb59e559c,0.937439739704132,3
elipmoc,0xb43c6dce7837eb67c058ed7bfa06a850b2a15b06,0.9572385549545288,1
elipmoc,0xb44d36a18b18015c546f5efa37bb1e3db5f24063,0.9673471450805664,3
elipmoc,0xb45d7bc4cebcab98ad09babdf8c818b2292b672c,0.9450061321258544,1
elipmoc,0xb47b1ea3a294df2502a54ccdc1bbe49d71fc8a10,0.9167667031288148,1
elipmoc,0xb48b7e5bf6563b3e0a85055821a83deb8cfc12f6,0.9417924880981444,2
elipmoc,0xb58b3e52a3550e0bdcfe00b1918a760bb7c0f33c,,3
elipmoc,0xb59a226a2b8a2f2b0512baa35cc348b6b213b671,0.970041036605835,1
elipmoc,0xb5adb233f28c86cef693451b67e1f2d41da97d21,0.0,3
elipmoc,0xb5c33f965c8899d255c34cdd2a3efa8abcbb3dea,0.9602515697479248,1
elipmoc,0xb5f29f36e9006f3e7245b5daf7bcdc9fa1daead5,0.7108756303787231,3
elipmoc,0xb6047bac4096b79a53d5ad7bb1982c5b1347aa48,0.9135903120040894,4
elipmoc,0xb60aeb53a7d634d94c3c10bca3aa04b02a938db9,0.7662749290466309,3
elipmoc,0xb6271db6393d2e78954574bca69a250b29a26de0,0.8916140198707581,3
elipmoc,0xb640fc5ada87b4b53054b1a303ba0ad50a97e491,0.0,3
elipmoc,0xb65e16b44a80c9c44addd56a5014cba2814a82d1,,3
elipmoc,0xb6a5f50b5ce5909a9c75ce27fec96e5de393af61,0.8474650382995605,3
elipmoc,0xb6d699699ccc50548c1916b02afff6e5a7bc4117,0.8965547680854797,3
elipmoc,0xb746aed479f18287dc8fc202fe06f25f1a0a60ae,0.8600696325302124,1
elipmoc,0xb79caa46a27eb023f596ab9f1503cdc0e82c3bfe,0.8801850080490112,1
elipmoc,0xb79fc5505ea4f3b920ee7e3349de064226692717,0.8999360799789429,1
elipmoc,0xb83c1fd4b74d3e4e85cf0331443e5a167ededda7,,3
elipmoc,0xb8c77482e45f1f44de1745f52c74426c631bdd52,,3
elipmoc,0xb8d66804440c6e21376ce23e6eaa76843a45401a,0.8312042355537415,4
elipmoc,0xb90e444ee4ac565e1dd402498b6309c32e113b6a,0.798913300037384,4
elipmoc,0xb91824d10079a44864a9bec11b4ae022d7732e05,0.972250998020172,3
elipmoc,0xb9255262a3b7a9e9d8372ed87a0979c3324e7820,0.8344790935516357,3
elipmoc,0xb92c5f4f3a13bb14467fe0c25a4c569aa20e1df8,0.8134924173355103,4
elipmoc,0xb92d13833f9044eb0c14893a4bb4cb009c209beb,0.8494067192077637,4
elipmoc,0xb95feead4a52137202456dc6a304f617e52bfc63,,3
elipmoc,0xb9dad061b4ada5825abc2c9914e89181c0cdc56c,0.8663884997367859,5
elipmoc,0xb9ff6fdd1e308d49cd78155e06c19c2be894a18c,0.5385957956314087,4
elipmoc,0xba1ecd051ab31d45f86bb2d7cd093715341c35a6,0.812667727470398,4
elipmoc,0xba2403b8ec4f310017a887421c0227a529b04ad5,0.9318042397499084,1
elipmoc,0xba8c0244fbdeb10f19f6738750daeedf7a5081eb,0.9356661438941956,3
elipmoc,0xba92a78ffa23012002f9df25ff25b406287c61e5,0.8838030695915222,4
elipmoc,0xbab0ff84ab144b8d54e32a468ec7446f5b0b9d12,0.97151917219162,5
elipmoc,0xbab5d1356e941757ed2b71c55650ff2b8888215f,0.6767184734344482,1
elipmoc,0xbacc18ea3972432f4c5d7f80de015d5d50c1cd8e,0.9291710257530212,3
elipmoc,0xbb0292ddd8101517640224c40edb67233ae72dd6,0.9624536037445068,3
elipmoc,0xbb27cdd72fc42a538727f29f23d47972b8dfa405,0.9339009523391724,2
elipmoc,0xbb91f46a756af34bb987cc9bb5501de726f0d0ad,,3
elipmoc,0xbba2e3845b3407dc3b3a5b2eeb90a9a203068b6d,0.8463748693466187,3
elipmoc,0xbbe28d0611b109f0f287bc662baf05ec0eb654c5,0.714547336101532,3
elipmoc,0xbc05889af534ea29e333fe5fa9bc9b4767ca7653,,3
elipmoc,0xbc425c4209bd4c3f1fc9686371513f13f72cc70a,0.8596093654632568,1
elipmoc,0xbc8a649c8b3b739b6ea22bb48e1b051b63157eda,0.7135626673698425,3
elipmoc,0xbc9363b59cd73f59102ad6a45494f274d311c0c0,,3
elipmoc,0xbce0a909fc03f4fa0d5fb38e6cd13f674cfbad31,0.7635491490364075,3
elipmoc,0xbce1c669212a25ba841a7dc70376be28f5df5148,0.8649243116378784,1
elipmoc,0xbd08c2be35c1aca9a6d45f53e2d1856090c9d8ff,0.8251997232437134,3
elipmoc,0xbd2a43799b83d9d0ff56b85d4c140bce3d1d1c6c,,3
elipmoc,0xbd2bd1bd6396e69112d1f51cbaa57842cd1586c4,0.9892464876174928,1
elipmoc,0xbd65f6f9f9f87af2a677709e132debc3f242671d,,3
elipmoc,0xbd8d34701a8613100164b81a7e4e1e9cc0c13736,0.8742657899856567,1
elipmoc,0xbec4a69d6a5fbcb2303c13d24ea1a51a6f19bd12,0.9558073878288268,5
elipmoc,0xbee149d5cef48724918836c48f2749a5c5f75f8c,0.8054739832878113,3
elipmoc,0xbeeb655808e3bdb83b6998f09dfe1e0f2c66a9be,0.833854615688324,2
elipmoc,0xbf001adcb04089dddedcab714f3b4d34ee6d56dc,0.938568115234375,3
elipmoc,0xbf64a825e602a4f1c31480a470e99e1d896c88a7,0.8723291754722595,1
elipmoc,0xbf84099034ddc98ad1703f5df028749cd29c2efd,0.663648247718811,3
elipmoc,0xc00f7746c5c3ce7616d0aa35607658e547306dc0,0.9355685710906982,3
elipmoc,0xc02aaa39b223fe8d0a0e5c4f27ead9083c756cc2,0.934067726135254,1
elipmoc,0xc0506ceb264b057182a4c3ab8a0b910a545479f0,0.8235273957252502,4
elipmoc,0xc0600f39a89b96c6c4341ce59ca22e478e327713,0.9453182816505432,5
elipmoc,0xc0829421c1d260bd3cb3e0f06cfe2d52db2ce315,0.8775188326835632,4
elipmoc,0xc0950ee7568e1ab93c6784ddcaa9b590239eeec9,0.9324859976768494,1
elipmoc,0xc0c2f918b7d98660506808b0e4972061906ff207,0.8975582122802734,1
elipmoc,0xc1086fa97549cea7acf7c2a7fa7820fd06f3e440,0.9465479850769044,3
elipmoc,0xc10c72d632cb8b5ef37603623ee86f47c3ff9f0f,,3
elipmoc,0xc213539cb2fda6940507f50f40060f5cbbe38e00,0.9732059240341188,2
elipmoc,0xc22b670c4ab672a38f4c5b59d1332020afb78c98,0.7076715230941772,3
elipmoc,0xc23531c3987370647423f58699287dcc15670797,0.914220690727234,3
elipmoc,0xc249fe0288e75e47e62b138de8d020c9fee5a9f5,0.8869580030441284,4
elipmoc,0xc29021a71f3a6c3fd9f361035d748b5f7912f55e,0.919014036655426,4
elipmoc,0xc2d4f0e0891f1f72d95c320e0571e005e297aefa,0.94313246011734,3
elipmoc,0xc2d890f9ee41d84aeefeae0886bccddc12a6a394,0.7700179219245911,5
elipmoc,0xc33d0345d1c0320577f9aed42a51bec6e6cc13b6,0.9125350117683412,3
elipmoc,0xc36fe594db560bfde1bdf5d6b40a7a775d702a1c,0.8772875070571899,3
elipmoc,0xc38da2f95a183a5abe1ac3e9fc2fdce8a4a1a045,,3
elipmoc,0xc3af01b683521e0206dc167ac4bd8acc8fa2b424,0.7425471544265747,3
elipmoc,0xc4c3a9a5c3b4c6a61185f4245aafda9f023b678d,0.8250125050544739,3
elipmoc,0xc56b13ebbcffa67cfb7979b900b736b3fb480d78,0.9294607639312744,4
elipmoc,0xc582a48c09aa74fe1fd483066eeb230d54dfde6e,,3
elipmoc,0xc5f5d88c6d39828cdb5e1150a13125e98b26b65e,0.8995053172111511,2
elipmoc,0xc5fd320ef9b3047872dd089f6b4c026cc8c5b617,0.8705653548240662,1
elipmoc,0xc6038f9ff35a3f2b00f9747b483bced7b024015e,,3
elipmoc,0xc6145077cf7f783f4fc3ea0b89146784bca05dba,0.7942136526107788,3
elipmoc,0xc62430fabb551ac60efef9bbdc8ed9721b1ae674,0.7358352541923523,3
elipmoc,0xc656122eea83fcb49d546eaac18d5785c6681a0b,0.8346918821334839,3
elipmoc,0xc668652d40e2b236969a9c2d28f4b23ed23da077,0.9701727032661438,3
elipmoc,0xc699d90671cb8373f21060592d41a7c92280adc4,0.9385213851928712,1
elipmoc,0xc6e5e9c6f4f3d1667df6086e91637cc7c64a13eb,0.8867855668067932,2
elipmoc,0xc7f1c3500496771b2ef4e17ad10624131ade5cd9,0.9138980507850648,2
elipmoc,0xc81774fd1b51bc7e26b2bad562dcdb0a2cbebaf2,0.9412719011306764,4
elipmoc,0xc83355ef25a104938275b46cffd94bf9917d0691,0.0,3
elipmoc,0xc8a60c51967f4022bf9424c337e9c6f0bd220e1c,0.7512485384941101,1
elipmoc,0xc90044e0c8ff4142d2b39d4eb9ef17c3e3dc50d7,,3
elipmoc,0xc9010d9ae0f893d176ed1901868cf0b9e6e47763,0.4783564209938049,1
elipmoc,0xc95675132d5b0399b2c92aee6d195456f44d3881,0.912108838558197,1
elipmoc,0xc95dc5c354f21bc76d8e88ed21ee8d7dddb859d5,0.5673040151596069,1
elipmoc,0xc9c615db4a6e074b85bf5454e23605df61c86ef2,0.8423230648040771,3
elipmoc,0xc9ff899e3cc9a16a09907335297fcfbe774bd8b0,,3
elipmoc,0xca346d7550ad8796b757a9a9f00616d56474dd81,0.7652905583381653,3
elipmoc,0xcabee6c73250495fc7da131ee93b819be294f6e0,0.7581509947776794,3
elipmoc,0xcba46f2c1d9b3f3b1d2b7f9660af7d48984e4e46,0.8654462695121765,5
elipmoc,0xcba6f10d1147b2c5a3d8d8cbd93c373b31c6c2c8,0.8885977268218994,3
elipmoc,0xcbe7ab529a147149b1cf982c3a169f728bc0c3ca,,3
elipmoc,0xcbe98a2b1f756bebe53d41eb3b94e566a0777ede,,3
elipmoc,0xcc1229e33a4d5f011ce9bf7ab605a8a6264bd01d,0.8363794088363647,2
elipmoc,0xcc1320a48c76385e17e4e1c759ce8ea1d11687c2,0.881594181060791,3
elipmoc,0xcc3935479af6703a287d84daaebc18c6b2322a55,,3
elipmoc,0xcc89405e3cfd38412093840a3ac2f851dd395dfb,0.5603277087211609,3
elipmoc,0xcd0752c608e7285a250452f24d64c556411febe2,,3
elipmoc,0xcd0e26d289d5f08d74c4feff4192cb394f82a738,0.8215285539627075,3
elipmoc,0xcd19a08b139a4cc47bae0d9de41241f5056988c7,0.963218867778778,4
elipmoc,0xcd582662a13d89eb9a8a458e452ae691be379c14,0.9491771459579468,4
elipmoc,0xcd619ad647357868dd5987b0ce4886bf61cfac32,0.949619472026825,3
elipmoc,0xcdf7cfc9f7c129a0d7aec376bc205ab87fc878e1,0.0,3
elipmoc,0xce2026da687ee19743fa96cbe61ef360907a7a23,0.8995855450630188,3
elipmoc,0xce26ead209ba9c7bf9f80312555834d81bf11a08,0.860939085483551,1
elipmoc,0xce2ac722f8b9349a0bdcbe9ee9f9d877c8cfa7a0,0.8614757061004639,1
elipmoc,0xce9ed0b322a1420da4b6990e3047796f57471336,0.9746735692024232,3
elipmoc,0xcea306d62ba8984594389cbd4a545ec6ed0d6e6a,0.9222326278686525,5
elipmoc,0xcf5d889e2336d0f35f6121718f6c25e0650d4b25,0.7014069557189941,2
elipmoc,0xd048f660a49b668aac03a414189fd43d47955da2,0.712129533290863,1
elipmoc,0xd05d4a9b35ecc0bb1a88ce8638dfe5cfccecbd2b,0.9191417098045348,3
elipmoc,0xd09022c9c5f89aaf479336d05dc780d7abbbfb98,0.981682538986206,4
elipmoc,0xd0955bd45d5eef5bedce84a3471c825288a14b01,0.8626258373260498,4
elipmoc,0xd0d50ae97443aa9615d87129feb9681417e92f41,0.995158314704895,5
elipmoc,0xd0faa64b3de3ceca7ddf5d47cc2a13b1f208cb01,0.9106066823005676,4
elipmoc,0xd11ffbea1ce043a8d8dddb85f258b1b164af3da4,,3
elipmoc,0xd17030a5f165543178e4b1dce1f7bfaa5965cf79,0.8821077942848206,5
elipmoc,0xd20ae1b3c922b4e8ae9eb6e3f4302e71b8c12970,0.4465683698654175,1
elipmoc,0xd20d1e07f238f049f21801cff6e9db213f05ffbf,0.9152898788452148,4
elipmoc,0xd22769058252671fe7a12509c25c324f1bc1a590,0.937980055809021,4
elipmoc,0xd2ffba15019bb9089987eecf25c72cee04bc4eaf,0.9351298213005066,2
elipmoc,0xd389c08bb987dd7daeb31f51fce1b5b73710b38e,0.8116507530212402,1
elipmoc,0xd433138d12beb9929ff6fd583dc83663eea6aaa5,0.9079158306121826,3
elipmoc,0xd46ddc98c63f9705ca6689e7036dc3ce981fb335,0.9578646421432496,3
elipmoc,0xd494938d0524edadfc239adc2c233e50550fa152,0.8357146978378296,2
elipmoc,0xd51ef370830dd8a04a6131f1e4b7b9ee2b8dbd26,0.9631316065788268,3
elipmoc,0xd5524179cb7ae012f5b642c1d6d700bbaa76b96b,0.907852292060852,2
elipmoc,0xd5683d293bad2019fc678a6e6347c1b8556d3a85,0.8988235592842102,3
elipmoc,0xd56a61ad1b16f1f0326785902593c7adbf733e34,,3
elipmoc,0xd5ae5111eb0e8b9a13260f52521a4b6fa0880fec,0.8916465044021606,4
elipmoc,0xd5f49a4bec5c1fcdefb2e46e60fc859fdbd05007,,3
elipmoc,0xd6ad7a6750a7593e092a9b218d66c0a814a3436e,,3
elipmoc,0xd754ee6a9e8964602f48e11971e79d0b2f6452d5,0.7370849847793579,5
elipmoc,0xd76b5c2a23ef78368d8e34288b5b65d616b746ae,0.8688892126083374,2
elipmoc,0xd7c6d542f3dcdceda845112b8fd567b8f8655805,0.9475910067558287,5
elipmoc,0xd85ef372ce7a6433bb9d273f72f1bce44aec27d3,0.6884302496910095,3
elipmoc,0xd8a63f007400d994a78fe2482e04c0ff5e3a4897,0.8081899285316467,5
elipmoc,0xd8d48e52f39ab2d169c8b562c53589e6c71ac4d3,,3
elipmoc,0xd8f1c224002ce1782a3100793fb1ddc102f4723f,0.9192496538162231,1
elipmoc,0xd95e7d16000cbeb66acbf70b4a843d4346ff4555,0.7885653376579285,2
elipmoc,0xd986ff72c4ab509fd50b405d85e32dc68e655eb7,0.9387037754058838,1
elipmoc,0xd9d09ab4b1d155dc17a3f919ba003f4cf491e222,0.7132533192634583,1
elipmoc,0xda1000f6e6f19e86ef30dc8f3709291615e0bfb2,,3
elipmoc,0xda168fc45d9ea9a47c888894d5fd5be7e88779ba,0.823266863822937,4
elipmoc,0xdaa42065346b0b88327c2d2074bb80d8c2ad9c6f,0.9637497067451476,4
elipmoc,0xdac7413b79394542cabbdef9d71e89d48862825d,0.9327921867370604,4
elipmoc,0xdb20ff5f9ea23e77fc8921e696ac9a33992e3107,0.8640231490135193,4
elipmoc,0xdb4858c8935759211424a23f9485607839920396,0.7583694458007812,3
elipmoc,0xdbb885c8b2b2aeb3dc6b4348d5af20bf5d9db50d,,3
elipmoc,0xdc0a2185031ecf89f091a39c63c2857a7d5c301a,0.8966089487075806,2
elipmoc,0xdc18b6bee2cc3b77924ac828f28bfdda542d90e8,,3
elipmoc,0xdc30a5baf62f3ce8d7e74a272bc139fbb7a0cab4,0.919076442718506,3
elipmoc,0xdc5c87ba250b65a83042333f1101940b74312a65,,3
elipmoc,0xdc8adca00787b665abbaacaef37c8bb629ebaa8f,0.8976245522499084,2
elipmoc,0xdcdede29a2b83176ab478dc0f9b08b7c01ac5f58,0.90201598405838,1
elipmoc,0xdcfbe1f893640f018065fdb820eb68b501f8ec2d,,3
elipmoc,0xddd460bbd9f79847ea08681563e8a9696867210c,0.9232437014579772,1
elipmoc,0xde251c7778eb259b449885f63d6cae090e15601a,0.8672390580177307,3
elipmoc,0xdeca2e1b82e81ededdb32f3e17f5522452e2d5a8,0.8691615462303162,3
elipmoc,0xdf18880a02c7f3eb4f40fdf515fce31c1cb7ef66,,3
elipmoc,0xdf482745749ad7057f4ebe246975ff2f2ddeef78,0.8669845461845398,1
elipmoc,0xdf49c9f599a0a9049d97cff34d0c30e468987389,0.8612501621246338,3
elipmoc,0xdf59f9b549305724b1fa868cb9d0898721404c1f,0.9289296269416808,5
elipmoc,0xdfbd6a960a55bcfcf59d5925351e05a51498bcef,0.9699106812477112,3
elipmoc,0xdfd8e9fda3ac12884e35eaea35d763517bb79176,0.8802248239517212,4
elipmoc,0xe01e2a3ceafa8233021fc759e5a69863558326b6,0.9701335430145264,4
elipmoc,0xe0c0f5ce4e746eaa048ae5db5c61b6b1ef3b56ed,0.8948869109153748,1
elipmoc,0xe0d19ef19dcdc87d0f5418e5ffc69cd022b98cbd,0.8395629525184631,3
elipmoc,0xe10339af2c2b22706ea5d4cbb713a49d4b7ab2fc,0.9971126914024352,3
elipmoc,0xe117bb9d1e0fc6e859d9bf174c53baa7c673547a,0.8213510513305664,3
elipmoc,0xe154561093f7eeaf698bf77f324b4c0483102c9d,0.9368449449539183,4
elipmoc,0xe1746aa4c9489acabab5e5fcfe154a8cd8f40edf,0.4310179650783539,3
elipmoc,0xe1754d039c839192ee193d5cf8406fb24fcb421f,0.8989763259887695,1
elipmoc,0xe1a63c13c90996c4bb43cb235a2590e4f7c58131,0.8836567997932434,1
elipmoc,0xe1f008f468eac1590f5a759ebecbc5c40822bf76,0.9481521844863892,1
elipmoc,0xe1f5c6fd86628e299955a84f44e2dfca47aaaaa4,0.7923688888549805,1
elipmoc,0xe20a3aa6b1ef8eb0eab44bfa9503f09635a5ac50,0.9002111554145813,3
elipmoc,0xe2ca8e9eea579da2276be4267320fd9069645431,0.8854146599769592,3
elipmoc,0xe2d7989f2d13f08515a3a3b6a02dee2f583c9fc5,0.8047621846199036,3
elipmoc,0xe33417797d6b8aec9171d0d6516e88002fbe23e7,0.9308130145072936,1
elipmoc,0xe34e0c5c075e380161ce08ba69dc7960e041d10b,,3
elipmoc,0xe35a91f2acceccf1ce6bae792274da6100b639af,0.9476463794708252,1
elipmoc,0xe3c8ff66d14341a35bcf6302047b92c6bc49824d,,3
elipmoc,0xe3e22e1f5889f507dd1d859b8ef6cb0a84a902a8,0.825700581073761,4
elipmoc,0xe44061f043682ff77c1d51d4e0f93ab2bb5b2ae0,0.9526441693305968,1
elipmoc,0xe4732499b9c18d2828ced5470e75d70a3b2b2792,0.926146388053894,4
elipmoc,0xe4a3192659bfe56c740b0ed64570a4156cf2bcb3,0.8366069197654724,4
elipmoc,0xe4e28bfd45969218a2af311ee10e80846f7b2fdc,0.5547820925712585,1
elipmoc,0xe4f32056ea2dc706dbc4ff6a61f7e87583cd4ec9,0.823603093624115,4
elipmoc,0xe52bd9bcfa0c9513a5f9bbfdfa6debab9606da10,,3
elipmoc,0xe5374b3840f0782608f86e270ae389b8ee2024c4,0.9118343591690063,2
elipmoc,0xe56b4d8d42b1c9ea7dda8a6950e3699755943de7,,3
elipmoc,0xe5f7379718cf3e84385c09f3927237874ec0b4bc,0.9792138338088988,4
elipmoc,0xe601813fc7bbf78bf71e807a1c06697280f5659f,0.8998086452484131,3
elipmoc,0xe60f0c6aad0b02f62e078bb0d2c31a440ac8e7d0,0.8414837718009949,1
elipmoc,0xe64aa1e4301d85ecaccfc15e4af887a1fe6f5f56,0.9363948106765748,3
elipmoc,0xe77f30e108543372f405d2c0f95029c97a8622ad,0.7769426107406616,3
elipmoc,0xe7d7b37e72510309db27c460378f957b1b04bd5d,0.953040361404419,4
elipmoc,0xe7d84cbee9b2234e53bde7ea093e7d1e198ca46a,0.9385526776313782,5
elipmoc,0xe813699e804d04e1212b2a2bb5a738f3254e5584,0.8956849575042725,4
elipmoc,0xe84a69675d316a639203b527919504b33e8d6f20,0.9403040409088136,3
elipmoc,0xe8647880a6f9e4b609728ee78a73f817eb490634,,3
elipmoc,0xe87227adf0fd3f6e580e2825069a0f8e8da66ad0,,3
elipmoc,0xe8b1b40f2d307bce891833f46eef1f69560e6926,0.9347079396247864,3
elipmoc,0xe8d7648dd6b3b8b4eb360009745fc0a3c597764b,0.709063708782196,4
elipmoc,0xe8fff15bb5e14095bfdfa8bb85d83cc900c23c56,0.465622067451477,3
elipmoc,0xe96f714a38bc4b2c12dada2aeac08cffab50435e,0.6727421283721924,1
elipmoc,0xe992d0edc8b5672ab48636bda3469401351c33c6,0.6084860563278198,4
elipmoc,0xe99ddae9181957e91b457e4c79a1b577e55a5742,0.8668492436408997,3
elipmoc,0xe9c2851dadbb1bb34bceb54473a0e428a50d8845,0.9729454517364502,3
elipmoc,0xe9c48b34e2498797b7f70d9fb5875805dd6bc8b4,0.9189164638519288,2
elipmoc,0xe9e03497fbf8f9463b2124fe2c8ceb8c3c92d8cd,0.8711467385292053,5
elipmoc,0xea7a3213b47099e3368f8f9a5f382540c80c2eb9,0.860187292098999,2
elipmoc,0xeac3cf28cc9bf82915804325ef9e05ac65de79e3,0.9135372638702391,5
elipmoc,0xeb3107117fead7de89cd14d463d340a2e6917769,0.7364166378974915,2
elipmoc,0xeb3488b4907b752632270ecb89ad38e63c2d4913,0.7707160115242004,5
elipmoc,0xeb93e12e23acd78f622fcdb6b51906b7ba0aed2b,0.735176682472229,3
elipmoc,0xece36c5d181d368829fe0cab6b90120e4b62889a,0.8802551031112671,2
elipmoc,0xed01e8865689602a840fa4855f0d7886268f250b,0.9666075110435486,4
elipmoc,0xed1b85d8a750fb3058cfc46d4508e791fe7a4d73,,3
elipmoc,0xee3dc775669d2415cad8b5b424e6c97ad60ebef5,0.8804579973220825,5
elipmoc,0xee6d409e9d08af082c2493ea955a0d3ea418dc0f,0.8946606516838074,1
elipmoc,0xee86bec58087512a591ddde8f5bc324be3a257ab,0.6755040884017944,4
elipmoc,0xeece3bfd3c83715f1f801dfa6b735ac9093c5bc3,0.8596218228340149,1
elipmoc,0xef12be74eeadda185fb08814c7d32e7934b0a5ca,0.9526972770690918,5
elipmoc,0xef511cd832613f77a6c6cc8ab5ce6a8b4181c9ba,0.8807387351989746,5
elipmoc,0xf00a4223027d4c2177d1235f0724071757a2ce82,0.8498678803443909,4
elipmoc,0xf01d0e76efcea913b3203484a0d82b3995202001,0.8158522844314575,1
elipmoc,0xf0577c974bde656df648d66778701903d3650e40,,3
elipmoc,0xf08f56e84c86f37022030d7103fde0365338688f,0.8364455699920654,4
elipmoc,0xf0e3da53ea68e2bb71d5c52c9202c358f40898a0,0.865048885345459,4
elipmoc,0xf165c0df0b759e93e6166aecb667c7ec2a300525,0.8800978064537048,4
elipmoc,0xf19903d8e5b7d604b62d2a210b39ba9e1e1f93ef,0.8883790373802185,1
elipmoc,0xf1adc3c1cfd4181312185d9ef3fbe3ce1a7cde4e,,3
elipmoc,0xf1d0f528cb6b50e0035a7fe03b4bcc58dd09c1e2,0.9665635228157043,3
elipmoc,0xf208f8cdf637e49b5e6219fa76b014d49287894f,,3
elipmoc,0xf229815bc503abc2238f6cdf5505d326c223e14c,0.953838348388672,3
elipmoc,0xf24fdeab9e15d0386a96dcd215699ed4a9b187c2,0.902101457118988,4
elipmoc,0xf2665a78aec490c1bb5ab3e0927050e1857f70f9,0.7799177169799805,4
elipmoc,0xf2740c75f221788cf78c716b953a7f1c769d49b9,0.9697628021240234,3
elipmoc,0xf29a03e88c425116c979892d475f5cddf1f742ce,0.8001827001571655,4
elipmoc,0xf3845122100b623323d6108bbd4cdefcab68a2d6,0.7157436013221741,5
elipmoc,0xf3a7347cde5928688a41b6b521a1ead2999f9c34,0.8007574081420898,3
elipmoc,0xf479c029ed8af4a6a23248ac826812cf7cbd4d2c,0.9018601775169371,4
elipmoc,0xf48d72e5a2419c0c6f5822854b7bb7bf135d1623,0.8946437835693359,3
elipmoc,0xf4d07f472121a02e70c04e8717204b8393c79a17,0.8675904273986816,3
elipmoc,0xf4d9d8f5c75067d3bc050cbe5c7d69c85934b213,,3
elipmoc,0xf4f52fe42631a43e3973283ce275959b6cbb103a,0.9104463458061218,4
elipmoc,0xf4f8ab8c5db70c8aa8fe22fd8a86505125ef2b3e,0.8870570659637451,5
elipmoc,0xf527314a3ea16acf9f9e26613426cf5f8e7a3e43,,3
elipmoc,0xf556eb074274b572a9e863c29840507affc9eba2,0.8320204019546509,2
elipmoc,0xf55acf113cb1628f27b23d61fe6df12f43294694,0.9084542393684388,4
elipmoc,0xf61718057901f84c4eec4339ef8f0d86d2b45600,,3
elipmoc,0xf61a285edf078536a410a5fbc28013f9660e54a8,0.6414544582366943,3
elipmoc,0xf67fbf1c2df2da7f96c7ffee9151eff7246d7922,0.8587031960487366,3
elipmoc,0xf7a6868ad958b724bc486e10bd3ddc8d63aa16c7,0.9334318041801452,3
elipmoc,0xf806cdb99d93998fadb2e987fab87efe0b36f56d,,3
elipmoc,0xf85d337017d9e6600a433c5036e0d18edd0380f3,0.6219295263290405,2
elipmoc,0xf8cd71c32a57f43d62b1c6c7b1aa56c184a345ea,0.649169921875,1
elipmoc,0xf97c238b2277b2e7d15e278b61b250e96b23a194,0.9607160687446594,3
elipmoc,0xf9b5ef95a21b53ee92a37139aa5b5cdf1976f161,0.885919988155365,5
elipmoc,0xfa1c8488517e678cf87635371da135279b8e3501,0.821906566619873,1
elipmoc,0xfa2400c873bf5e7243c5a5c40675868c4b7145ea,0.9535120725631714,2
elipmoc,0xfae56676c2e9a053729eed9544861fdd7a768e95,0.7635183930397034,5
elipmoc,0xfb0f7189b354660e649ae14261a9fe0e8febf369,0.7616597414016724,3
elipmoc,0xfb38005627b5b4d3034dcf6d9651877d34830f29,0.8659922480583191,3
elipmoc,0xfb4189d3b8431c88cac64d62b582448f6510f7f7,0.9489285945892334,4
elipmoc,0xfb5a551374b656c6e39787b1d3a03feab7f3a98e,,3
elipmoc,0xfc0d55363651bcb0da1c8c6ec2bc68a5c1a2bcd3,0.938732087612152,1
elipmoc,0xfc4a176d1db069c92fa5d673543772dc05d18b10,,3
elipmoc,0xfc4b3b930ec2565d6c84545faf33526b6afcc0dd,0.7952455878257751,4
elipmoc,0xfc5429ef09ed041622a23fee92e65efab389c1ce,0.9509766101837158,5
elipmoc,0xfc8eeb3ab713c1bd98e16ae906d9a99fd7598632,0.87887042760849,3
elipmoc,0xfca7d75cf8cad941a48ab9b5e1af0ae571923378,,3
elipmoc,0xfcb4393e7faef06fab01c00d67c1895545aff3b8,,3
elipmoc,0xfcca0c5ccd723baf6bf7f6678c8cfb49ce0042c7,0.8940302133560181,3
elipmoc,0xfd326f36bfabe2e195e54c3edab3a094a20758b8,0.4947018921375274,3
elipmoc,0xfd4e7b9f4f97330356f7d1b5ddb9843f2c3e9d87,0.8606153726577759,3
elipmoc,0xfd5fcd146b75aa62262ff80b27e961442ec7c574,0.7632054090499878,1
elipmoc,0xfdb0065240753fef4880a9cc7876be59e09d78bb,0.9190651178359984,3
elipmoc,0xfe38739c4b70cd6d1d3674e70d17fb1999cb4f9f,0.8718990087509155,1
elipmoc,0xfe6ea4625b57b6503677a1083ad9920bc9021b18,0.8430721163749695,4
elipmoc,0xfed8dfb896ff7081851c56a2652240568d2c513f,0.8080414533615112,4
elipmoc,0xff51c457c84c970bcfbf6f6551dc527421ec4231,0.9783058166503906,5
elipmoc,0xff531d7874cab51b2661d6599d5f552edae3481e,0.8293139934539795,1
elipmoc,0xff81e0f888c31b91c8ec623498cf82a5c7a37f7a,0.9643714427947998,4
elipmoc,0xff8b53e8b4f31963f46f16efdefa664c1e3b4b66,0.8458519577980042,1
elipmoc,0xffff0031d8768861b3172a7c7dc7d91b646f53db,0.978333294391632,4
